,label,tweet
0,0,banyak akun kloning seolah2 pendukung #agussilvy mulai menyerang paslon #aniessandi dengan opini dan argumen pmbenaran..jangan terkecoh
1,0,#agussilvy bicara apa kasihan yaa...lap itu air matanya wkwkwkwk
2,0,kalau aku sih gak nunggu hasil akhir qc tp lagi nunggu motif cuitan pak @sbyudhoyono kayak apa.. pasca #agussilvy nyungsep..
3,0,kasian oh kasian dengan peluru 1milyar untuk tiap rw #agussilvy tidak mempan menangin pilkada #quickcount #pilkadaserentak2017
4,0,maaf ya pendukung #agussilvy..hayo dukung #aniessandi diputaran 2 @ronavioleta @netizentofa
5,0,"aneh deh lebay masa ini di sangkut pautkan sama kandidat calgub, anda lebay seperti yg anda dukung #agussilvy"
6,0,kepada allah swt kami ucapkan rasa syukur dan kepada pak @sbyudhoyono @presidensby #ahy kami sampaikan terimakasih. makna 17% suara anda.
7,0,terima kasih teruntuk pendukung #ahy #sylvi kalianlah pembeda kali ini
8,0,trima kasih atas keistiqomahan relawan #ahy @agusyudhoyono lah yg tlh mengantarkan #aniessandidki1 #jakartagubernurbaru dg cukup signifikan
9,0,mengenang pidato kekalahan #ahy
10,0,"dammnn,!! politik cantik #sby ngorbanin #ahy"
11,0,"batal nyoblos, baru tau ternyata ga ada no.1 di kertas suara. #ahy #kangen #mosing	"
12,0,sudah boleh ngakak? survey mu jauh panggang dari api ! #ahy
13,0,aku juga kemarin #ahy 19april2017 suaraku utk paslon 3 #dki
14,0,karna yang belebihan itu tidak baik ya bah #ahy
15,0,"om aa kemana ? lepas #ahy kalah kok dia tutup mulut tidak koar"" mau bongkar sby"
16,0,kalau pencatutan nama #ahy dan mpo #silvi melanggar hukum ga ya.. wkwkwkwkkwkk
17,0,ya pastilah #fpi kan ga suka ama ahok jd pas #ahy udah kalah otomatis dukungannya lari ke mas #anisa aniessandi
18,0,dia lah banteng.. dia lah garuda!! ksatria seperti bpk @prabowo gentle spt #ahy @agusyudhoyono ..jadi cinta sama #hajidjarot
19,0,"gara2 e-ktp dikorupsi, fotoku yg semula mirip #ahy, pelan tapi pasti skrang malah mirip - stickmoticons”"
20,0,"double lol. @aniesbaswedan nuduh @agusyudhoyono miskin ide, sekarang dia copy #ahy. @sbyudhoyono  "
21,0,kemana nih antasari. .. #ahy kalah di #pilgubdki2017 melempem dia... bener-bener akting yang  
22,0,ingat! tidak bisa modal omongan saja. tapi kerja nyata! #agusharimurtiyudhoyono #ahyâ€¦  
23,0,"#ahy, pakdhe karwo, pilgub jatim, pak dhe karwo isyaratkan agus tidak akan maju di pilgub jatim"
24,0,"paslon salah langkah seperti dilakukan sandi ini, bukan tidak mungkin jadi bumerang gagal dapat suara #ahy. @zarazettirazz @monethamrin"
25,0,"jangan2, relawan inilah yang gembosi #ahy lalu."
26,0,"di manakah #ahy... sang ksatria, samurai, prajurit, pembangun semangat & harapan, pahlawan yg dinanti-nantikan rakyat itu..."
27,0,"kini, ketika #ahy berada di luar arena, tabir kegelapan & tiada harapan kembali menyergap rakyat. kemana lagi rakyat mencari ketulusan?"
28,0,"@adjierimbawan isu lama diangkat lagi, video lama dishare lagi, padahal video sudah disebar buzzer #ahy eh jelang #putaranke2 disebar lagi"
29,0,baru tau bu carik @luviku tidak coblos #ahy kemarin. piss
30,0,awas ye kalo minta dukungan suara pendukung #ahy	
31,0,ini dia pelaku pengirim sms gelap antasari azhar #indonesia #sby #ahy #anies #ahok #berita #jumatberkah #rizieq
32,0,antasari diancam harry tanoe  
33,0,"tuduhan terhadap #ahy yg kerap dilontarkan: anak ingusan dan cuma mayor, sekarang tak terdengar lagi. dudah berubah menjadi sanjungan!?"
34,0,joke terbaik selama pilkada serentak 2017 #bravo @masril_pku @chilli_pari #ahy.
35,0,jangan curiga dulu saldonya bisa di kenti seperti blt orang mau berbuat baik belum apa2 sudah curiga mekanismenya seperti apa #ahy
36,0,ahoker masih bully #ahy
37,0,sayang mayor #ahy termasuk yang dikader untuk pemimpin masa depan dari sma taruna beliau selalu yang teratas lagi2 itu pilihan #pensiundini
38,0,setuju bangett.. banyak yang tidak bersyukur kemrin tidak banjir sekarang malah sibuk mencari pembelaan #jangan_sombong #ahy #banjirjkt
39,0,pakai sedotan atau sodetan versi #ahy
40,0,hellloooo.... suara rakyat.. ngerti suara rakyat? bukan suaranya #ahy or dek @agusyudhoyono.. ngopi dulu gih.. #penikmatkopi
41,0,cari teman kok cara gitu ya.. pdhal #ahy sdh jelas. gubernur baru...@mastbp
42,0,"secara kesatria dan lapang dada ternyata hoax, yang ada hanya kalah ya sudah masih menang banyak ulama bayaran #ahy"
43,0,"agus tersingkir, ahok & anies rebutan suara ahy untuk kepentingan kelompok   lewat @youtube #ahok #anies #ahy #pilgub"
44,0,meskipun #ahy kehilangan kesempatan untuk menduduki gubernur dki 2017-2022
45,0,banyak konstituen #ahy risih sama mulutnya ahok tapi kalau diminta pilih anies dengan gerombolan khilafah dibelakangnya lebih memilih ahok
46,0,cari teman ni yee.1dan3 punya keinginan sama gubernur baru...tunggu dlu hasil resmi kpu baru dengar pernyataan #ahy
47,0,blunder itu ya dulu hina2 #ahy tapi sekarang butuh 17% suara dan harus ngemis minta sama orang yang dulu di hina2. jleb!
48,0,masih mau mencaci maki #ahy dan pepo memo nya?! kalian hrs mengemis minta suara 17% kpd orang2 yang selama ini kalian hina!!!!!!
49,0,golput lebih tinggi daripada pemilih #ahy ya nampaknya. #pilkadadki2017
50,0,kalau merhatiin relawan #ahy saat ini minta rehat itu karena ada hal yang ganjal mungkin harus ada islah dengan relawan #aniessandi dulu.
51,0,"#ahy, pakar mantan, sby, ini surat anas urbaningrum dari jeruji besi, sindiran buat mantan?"
52,0,jangan tanya aku. aku sekeluarga pemilih #ahy. kalau program dp 0% nyata. aku sekeluarga milih #3.  
53,0,"#ahy-sylvi, anies-sandiaga, basuki-djarot, debat pilkada dki 2017, jangan jual mimpi demi jadi gubernur..."
54,0,ahhhh bukannya karena bang aji ada disitu yang bikin kalah #ahy?
55,0,"mungkin saya, dengan rendah hati, bisa meminta pendukung paslon 1 yang masih berat hati, untuk melihat foto ini sejenak #ahy"
56,0,aku bangga jadi anak memo. #ahy #moshing
57,0,pendukung #ahy sulit melupakan bully2 seperti ini
58,0,pantas saja #ahy hancur
59,0,"anggap saja bisa, sebulan kemudian pada dijual (pindah tangan) ke orang2 elit partai gerindra dan pks #pilkadadki #ahy"
60,0,"#ahy, antasari, konferensi pers sby, sby, konferensi pers sby seperti rengekan anak kecil"
61,0,tim yang tidak pernah tidur #ahy
62,0,coba beretika bila ingin dukungan dari konstituen setia #ahy. jangan menipu dengan membuat meme dan berita palsu. rachland nashidik
63,0,"kasihan #ahy ,, tidak menyadari ada musuh dalam sarung selfienya sebagai motivasi terselubung hmmm."
64,0,amieeennnnn dan tidak lupa dengan janji2 manis saat kampanye..#ahy sang mayor sejati
65,0,"pada pilkada dki, ahy dan sby jadi target hoax dan fitnah yang dilakukan akun-akun pendukung ahok."
66,0,"ahy masih mentah tapi mau dikarbit demokrat, melihat pilkada dki mereka tahu bahwa kemenangan pemilu cukup memakai sentimen sara saja"
67,0,"akibat pernyataan antasari, suara ahy melorot pada pilkada dki."
68,0,"enam bulan kampanye pilkada di kubu ahy, pendukung ahok sibuk serang program ahy. tidak pernah mereka kampanye program ahok sendiri"
69,0,(13) namun apa yang dicontohkan ahy dan pendukungnya tak terjadi paska putaran kedua pilkada dki jakarta. perentangan menjadi semakin tajam.
70,0,ahy dan tim berjalan menjauh dari hiruk pikuk pilkada. melanjutkan perjalanan panjang politik mereka dengan rasa kecewa @panca66 @bambangelf
71,0,"ketika ahy kalah & berpidato, semua timnya terdiam menangis, lalu setelah itu mereka melepaskan diri dari pilkada dki. @panca66 @bambangelf"
72,0,"sejujurnya penilaian subyektif saya, terlalu cepat bila ahy 2019. kalah di pilkada bukan modal, tapi catatan negatif."
73,0,tolak bajingan tengik ahy tukang sogok pemilih ini. bangsat ahy ini sungguh berbahaya
74,0,tolak ahy yang berpolitik membawa agama #ahymaininsara
75,0,"astaga ini pendukung ahy tidak terima sekali dengan hasil survey,harusnya jadi tolak acuan untuk lebih semangat #efeknontonmetro"
76,0,"sah-sah aja, justru itu menjadi tolak ukur kedewasaan warga dki, kalo ahy menang artinya pola pikir warga masih primitif.. #politikuangahy"
77,0,suara warga cuma dihargai sembako tolak ahy sudah melakukan penyuapan kepada warga @abaaah @murtadhaone @rinjanijb @fariz1234 @ananghijau
78,0,sejak ahy tidak ikut pilkada lagi sudah tidak asyik ya
79,0,tinggal seleksi tendemnya. di pilkada dki ahy kalah karena tendemnya salah pilih. malah mengurangi kualitas ahy
80,0,ternyata segelintir pendukung ahy merasa ditikung di saat terakhir karena adanya tweet dari akun resmi parpol pendukung anies-sandi #pilkada
81,0,ahy menanggung akibat cuitan ayahnya yang tak produktif.
82,0,"kering sudah darah @ahy saatnya menghisap darah @anisandi mumpung stok darahnya bergudang-gudang, darah hantu diminum setan #pilkadadki"
83,0,"sebenarnya reaksi pendukung ahy ini tak perlu bersikap baper seperti itu, karena tak ada yang mau jadi pecundang di ajang pilkada #pilkadadk"
84,0,"dengan suara bergetar, ahy minta maaf sudah kecewakan pendukungnya.  "
85,0,"ahy kalah di kandang, begini respon para tetangga.  "
86,0,"lini pertahanan ahy rapuh debat efek, aksi 112 efek dan antasari efek #pilkadadki"
87,0,gagal di pilkada dki jakarta ahy diisukan maju ke pilgub jatim  
88,0,ahok melejit... anies menanjak... ahy mengapung... #pilkadadki
89,0,"berdasarkan survey sementara, ahy masuk 3 besar. selamat! #pilkadaserentak2017 #pilkadadki"
90,0,"meninggalkan zona aman dan nyaman demi kemajuan jakarta, dengan hasil yang tak sesuai harapan - ahy #realitybites #pilkadadki"
91,0,"kasihan ahy kalah walaupun sudah umroh, dibantu doa 7 juta umat.ternyata allah itu netral, tidak berpolitik #pilkadadki"
92,0,"jual baju bekas ahy, baru 3 bulan, pm for info #pilkadadki @agusyudhoyono"
93,0,"ahy siap siap jadi vocalis band rock yaaaa, lompat lompat mulu bang kerjaannya #pilkadadki #quickcount"
94,0,"kasian benar nasib ahy, karir tinggi di tni harus tamat karena nafsu pepo. selanjutnya paling cepat ikut parpol kalau tidak begitu dagang ak"
95,0,jangan sampai sby berkata ahy kalah gara-gara antasari ya? survey kan sudah menunjukan ahy terus merosot elektabilitasnya #pilkadadki
96,0,"saya bertanya kepada bapak presiden, tv saya rusak apa ya? kok ahy tidak naik naik hasil qc sementara? #pilkadadki *gpp*"
97,0,pepo sampai saat ini kok belum menyatakan prihatin ahy jadi pecundang #pilkadadki #pilkadarasapilpres #pilkada2017
98,0,selamat datang ahy sebagai rakyat biasa setelah mundur dari tni dan kalah di pilkada dki #pilkadadki #pilkadarasapilpres
99,0,heeebohhhh....agus sylvi kalah di tps 6 tmpat @agusyudhoyono menggunakan hak pilihnya... #pilkadadki #quickcount #ahy	
100,0,yang pilih #ahy semoga tidak  ikut demokrat yaa kalau benar mau dukung ahok.
101,0,"demokrat ke ahok, gerindra: ini tantangan karena mereka bermain politik kotor  "
102,0,"mesin robot #ahy-sylvi lupa dimatiin, jadi masih masuk trending topik"
103,0,buat pendukung #ahy mari rapatkan barisan ke paslon #3 buang issu miring paslon #3 masih mau dipimpin seorang terdakwa? simulut ember????
104,0,"harusnya rakyat menangis melihat #ahy kalah. bukan dari aspek #ahy sebagai pribadi, tapi demi kepentingan rakyat sendiri. #tetapahy"
105,0,"maksud hati caper dari ahy/silvy, eh malah kena protes dari mereka <face with stuck-out tounges> <rolling on the floor laughing> <rolling on the floor laughing>"
106,0,"ahy bisa kok menang pilgub dki, bisa.... asal ngumpulin dulu 7 bola dragon ball <rolling on the floor laughing> <rolling on the floor laughing> #quickcount #pilkadadki"
107,0,ah sekarang kalau lihat ahy jadi inget norman kamaru apakah ahy akan jualan bubur? lalu naik haji <smiling face with open mouth & smiling eyes> #pilkadadki
108,0,"ahy kemungkinan besar tersingkir <persevering face> <persevering face> #pilkadadki hampir pasti dilanjuntukan di putaran kedua, ahok-djarot vs anies-sandi."
109,0,"ahy nyungsep , orang bapaknya aja menyarankan coblos no 2 <smiling face with open mouth & smiling eyes> #pilkadadki"
110,0,mau nyoblos atau mau ke tempat berkabung. <tongue> #ahy memakai baju hitam2..atau lagi sedih <smiling face with open mouth & smiling eyes> #siapkalah di #pilkadadki  @metro_tv
111,0,ahy sangat cemas terhadap situasi sosial usai pilkada jakarta: pilkada dki jakarta berdampak negatif bukan hanyaâ€¦  
112,0,ahy kalah.. sisi negatif: umat islam tertunda dalam menempatkan pemimpin. sisi positif: umat islam terhindar dari saling hujat & buka aib.
113,0,#debatfinalpilkadajkt ahy ahy anda ngomong karakter.. anda tau yang barusan anda omongkan untuk melihat sisi negatif orang lain? <tongue> <oncoming fist>
114,0,"ahy hanya membicarakan negatif saja untuk jakarta, tidak ada solusi yang tepat untuk mengatasi nol besar. <thumbs down> #debat1pilkadadki"
115,0,kicauan negatif sby diyakini pengaruhi elektabilitas ahy  
116,0,"ya alloh tuhan yme, ahy ternyata didukung senator beraura negatif #senatordkidukungagussylvi"
117,0,"menemukan foto seperti ini, ternyata lingkaran orang2 ahy penuh masalah semua integritas dan kwalitas yang negatif waspada.. waspada.. <thumbs down>"
118,0,wah si ahy 70% sentimennya negatif. wkwkwk.<face with stuck-out tounges>
119,0,senjata makan tuan aka karma @beritasatu: #populerb1 2: kicauan negatif sby diyakini pengaruhi elektabilitas ahy <face with stuck-out tounges>
120,0,#ahy anieshilangya.. #ahokdjarotdirosi. <grimacing face> <grimacing face> @kompastv @rosianna766hi @sittayohag @gunawanahokers @gunjkt_ @partaisocmed @ulinyusron
121,0,#ahy anies hilang ya di debat @kompastv #ahokdjarotdirosi <grimacing face> <grimacing face> @takviri @wahhabicc @embah72 @gerilyapolitik @cagubnyinyir @kangdede78
122,0,2.mesti nyuruh mantan pemilih #ahy-#sylvi buat pilih paslon #anies-#sandi !!! <face with open mouth> <thumbs up> <ok hand> <folded hands> <thinking face> <smiling face with sunglasses>  
123,0,"1.kenape kagak dilawan ama pasangan #ahy-#dickychandra buat pilgub jabar ??? cuma demokrat emang hrs tegas dulu buat pilgub dki, <thinking face> <thinking face> <thinking face>"
124,0,gara2 kemaren #ahy pake seragam hitam2 ??? <thinking face> <thinking face> <thinking face> <smiling face with open mouth & closed eyes> <smiling face with sunglasses>  
125,0,ya pastilah #fpi kan tidak suka sama ahok jadi pas #ahy udah kalah otomatis dukungannya lari ke mas #anisa aniessandi <grimacing face>
126,0,ahoker masih bully #ahy
127,0,@zarazettirazz @netizentofa @ndoro__putri ada ahoker masih ngebully program #ahy <face with tears of joy> <face with tears of joy> <face with tears of joy>
128,0,kirim ke aku saja kaosnya... #ahy sejati <smiling face with smiling eyes> <smiling face with smiling eyes> <smiling face with smiling eyes>
129,0,#ahy <frowning face>
130,0,"#ahy,humor,lagu, kisah sedih ahy di balik lagu jatuh bangun  <frowning face> <frowning face>"
131,0,"#ahy,cuitan hati sby,cuitan sby, jokowi, mantan, mantan terindah,pilgub dki 2017  <tongue> <tongue>"
132,0,"owalah, kasihan kamu, dik. semoga kamu tidak jadi orang miskin, ya. aamiin <thumbs up>  #ahy selalu dihati  <tongue> "
133,0,aku bangga jadi anak memo.  <tongue>   <face with stuck-out tongue & closed eyes>  <face with tears of joy>    #ahy #moshing
134,0,pendukung #ahy sulit melupakan bully2 seperti ini <thumbs down>
135,0,"versi #3 video #ahyangaruk2kepala terlihat bingung bicara banjir, kota apung  <face with stuck-out tongue & closed eyes>  di atas, permukaan tanah dan air, bikin bengong <smiling face with open mouth & closed eyes>"
136,0,ahokers mendadak #ahy ?? gak salah tuh?? sesuatu banget !!  <face with stuck-out tongue & closed eyes> <face with stuck-out tongue & closed eyes> <face with stuck-out tongue & closed eyes> <face with stuck-out tongue & closed eyes> <face with stuck-out tongue & closed eyes>
137,0,hoax kok tidakada habis2nya...  foto 4 hari sebelum pencoblosan...fotonya tidak hoax.. tulisanya penuh dusta! <angry face>
138,0,deklarasi ini sepihak. tanpa konsultasi dan persetujuan ahy.
139,0,@syahrir_lantoni sudah kena telikung sekarang nama #ahy dibajak pula? <face with stuck-out tongue & closed eyes>
140,0,"meski saya tak pilih #ahy, kok rasanya mules ya dengan kontestasi politik putaran 2 #politikpalsu cuih  <pig nose> <pig nose>"
141,0,"pak @sbyudhoyono jangan biarkan pengorbanan dan perjuangan #ahy , kita #lawan rezim koplak ini ! #nunggu komando.  <fire>  <fire>"
142,0,jadi gak sampai hati ketika mencermatinya ! mungkin ada penyusup masuk tidak terpantau <person bowing> oleh team #ahy
143,0,ayo pendukung ahy dukung penggembosmu <tongue> <fire> <fire>
144,0,suara #ahy bakal direbuntukan. apakah pak @basuki_btp mau melanjuntukan program yang di usung pak @agusyudhoyono sepertinya tidak .  <expressionless face>
145,0,@sbyudhoyono tweet anda yang justru kontraproduktif terhadap #ahy pak. <zipper-mouth face> <zipper-mouth face> <zipper-mouth face>
146,0,#ahy #sby #jakarta #jatim #jabar #presiden #ngopisore mau ke mana ahy setelah nyungsep di jakarta? @tribunmedan
147,0,"suara #ahy rusak gara-gara nyanyian si aa peka ini, moga sby bisa bikin dia jeblos penjara sampai pupus disana !!! #guegeram  <face with steam from nose>"
148,0,"awas banyak mendadak baik, metamorfosis dari kecebong brubah jd anjing penjilat #ahy & #aniessandi  <ok hand> <clapping hands>"
149,0,sekarang tinggal tunggu sikap #ahy terhadap manuver agus   <clapping hands>  <face with cold sweat> <face with cold sweat>
150,1,doa ku.. semoga suaranya mas agus-sylvi beneran ke #badja #pilkadadki2017 yakin kan mas agus.. aku pada mu..
151,1,"terima kasih mas @agusyudhoyono, karenamu anak muda telah berani menyuarakan perubahan. kami tetap bersamamu #ynwa"
152,1,ketemu di istiqlal bangga pernah jadi bagian dari @agusyudhoyono dan @sylviana_murni @zarazettirazr @ahycenter @sohibahy
153,1,"tersingkir dari kancah pilkada dki, rupanya ada cara lain untuk mengangkat seseorang #ahy mendunia"
154,1,"dalam pilkada dki, ahy juga mampu menunjukkan kualitasnya sebagai seorang pemimpin muda yang berjiwa ksatria. (ahy mendunia)"
155,1,usai pilkada dki ahy keliling nusantara merajut persatuan #indonesia bukan cuma jakarta!
156,1,"(12) ahy justru menitipkan pentingnya menjaga pluralisme, kebangsaan dan kesatuan dalam persaingan pilkada. persatuan lebih penting."
157,1,ahy memang kalah di pilkada tetapi menang di hati rakyat.
158,1,dari pada pendukung ahok berantem terus. mending kaya pendukung ahy membuat kopdar biar makin luas siapa tau jadi calon lagi
159,1,"menurut ahy, pilkada dki memberi hikmah, pelajaran, ujian dan tantangan yang dapat ia ambil. semua itu dapat mematangkan karakternya#aiman"
160,1,"@agusyudhoyono semangat terus pak ahy, faktor kekalahan pada pilkada waktu kemarin itu adalah wakil pak ahy, nanti maju lagi, insyaalloh."
161,1,"kalau dilihat upaya demokrat mengenalkan ahy cukup berhasil di pilkada jakarta, dan sekarang ahy sudah mulai blusukan ke seluruh indonesia"
162,1,"@ahy prinsip kepemimpinan, memenangkan sebuah pilkada, belajar terus dan sangat dinamis. @hildathawilla @panti_silaban"
163,1,"pilihan warga jkt mayoritas bukan pada ahok, tapi calon selain ahok, terbukti di dua putaran pilkada dki. mayoritas memilih ahy dan anies"
164,1,"lewat akun instagram, ahy ucapkan selamat kepada paslon pemenang pilkada dki jakarta"
165,1,menyeberangi selat malaka. aiman kompastv yang mendapat kesempatan pertama mewawancarai ahy usai pilkada dki @rosianna766hi
166,1,ahy sebut pilkada dki berjalan bermartabat
167,1,"salam kagum buat ahy. masih muda, berani pensiun dini, berani menantang ahok di pilkada, disaat semua pada takut, termasuk @ridwankamil"
168,1,pilkada dki berdoa ahy menang. mudah-mudahan anies sandi yang menang.
169,1,"soal mental kalah pilkada, indonesia harus berguru pada sosok ahy."
170,1,"lsi telah membuktikan kejujuran surveynya pada pilkada dki tahap1- ahokdjarot disurvey langsung kalah dan ahy menang 1 putaran,"
171,1,"sehabis pilkada,pileg dan pilpres saya harap ahy menjadi ketua dpr @agusyudhoyono"
172,1,sebentar lagi kita lupakan kegilaan pilkada dki. mari berlari bersama ahy. kita mulai dari kepri 23 april
173,1,"saya bilang pasti menang karena bentuk keyakinan akan keberhasilan goal goal lain dari improvisasi politik pak sby & pak ahy,di pilkada dki."
174,1,semoga anies menang pilkada dan ahy jadi presiden indonesia 2019 aamiin yra klop dah!@agusyudhoyono
175,1,"@sbyudhoyono setelah pilkada dki, ahy jadi sangat diperhitungkan. diharapkan dia bisa menjadi pemimpin ri selanjutnya"
176,1,saya pikir target ahy dalam pilkada kemarin adalah untuk membangun sentimen positif
177,1,"jadi, tolong hargai sikap saya dan beberapa pendukung ahy yang memilih bersikap netral di putaran kedua pilkada dki 2017 ini."
178,1,pilkada rasa pilkades kata mas @panca66 tidak ada ahy tidak rame
179,1,di pilkada putaran pertama kemarin saya membuat kaos ahy sendiri untuk dibagi-bagikan dilingkungan saya utan kayu jaktim.
180,1,"tetap semangat dukung ahy-sylvi sampai pilkada terlaksana, yakin dan tentukan pilihan anda kepada yang pro rakyat."
181,1,salah satu cara ahy-silvy menang pilkada itu mudah. ibu silvy naik mio tidak memakai helm keliling komplek saat pemilihan dijamin pada segan
182,1,maju terus ahy-silvy dan anies-sandi bersatu bersama menangkan pilkada dki #pilihpemimpinmuslim #debat2pilkadadki
183,1,kita tunggu kualitas jiwa anies sandi..apa ucapan atas peran suara loyalis ahy-silvy dalam kemenangan pilkada ini #basukikeokmasukbui
184,1,"terimakasih ahy-silvy, tanpa kalian jakarta tidak akan mempunyai gubernur baru"
185,1,saya lebih ke #agussilvy
186,1,cakeeepppp....#bersatunya pendukung #aniessandi dan #agussilvy
187,1,jangan lupa pilih paslon no. 1 #agussilvy #forri1  
188,1,sinyal positif agus-sylvi merapat ke anies-sandi #pilkadadkijakarta #agussilvy  
189,1,@arainsanr @fadlizon @ahyfansclub @aniessandino3 @gerindra @pdemokrat siap rapatkan barisan semua! satu komando #agussilvy
190,1,"@ahyfansclub kalau putaran 2 ,, siap rapat kan barisan semua ! satu komando ! #aniessandi #agussilvy"
191,1,"mengakui kekalahan, apapun itu tujuannya tapi great applause lah. patut ditiru untuk demokrasi yang positif #agussilvy"
192,1,salut! @agusyudhoyono & mpok silvy dengan mengakui kemenangan paslon lain. #agussilvy #salam2jari #kitankri #tetapsemangat #pilkadadki
193,1,"baru quick count,ttp kalau hasil kpud benar sampai 2putaran siap rapat kan barisan semua! satu komando! #aniessandi #agussilvy"
194,1,"youtu.be/bxrzd69u61a  tenang, bening, ..dan tulus. mas agus, mungkin di masa yg akan datang yaa mas.. #apreciate #agussilvy"
195,1,mari beri masukan & kritik yang membangun bagi yang kalah dalam pertandingan. #pilkadaserentak2017 #ahokdjarot #agussilvy #aniessandi
196,1,apapun hasilnya kau tetap kebanggaan kami #agussilvy
197,1,"ingat, fokus dan menangkan #ahy #agusyudhoyono #rakernasdemokrat2017 #demokratkelilingnusantara @agusyudhoyono @sbyudhoyono"
198,1,rakernas partai demokrat bersama ahy #ahy #partaidemokrat #lombok #gilitrawangan #mataramâ€¦  
199,1,"alhamdulillah.... #ahy tersambut hangat, mesra dan intim di ntb."
200,1,ngawal abang dulu keliling ampenan #ahy #fkppi #kawal #bodyguard #military #myjob  
201,1,ada apa dengan #ahy knp disetiap acara nya massa membludak?krn rakyat melihat harapan utk ahy memimpin negara ini dimasa yg dtg. #ahyforall
202,1,"kekalahan adalah sukses yg tertunda, bukan untuk disesali tapi dijadikan pengalaman tuk lebih baik lagi di masa depan #ahy"
203,1,tandatangan petisi stop hoax dan fitnah serta mendukung gerakan kebebasan pers tanpa hoax dan fitnah. #ahy #demokrat #demokratbersamarakyat
204,1,#ahy#demi.indonesia
205,1,mestinya ya begitu ya gus....#ahy negarawan.
206,1,"demokrat dengan cinta, untuk nkri, #ahy dan #demokrat berbakti."
207,1,#karanganbungaahok jagoan kalah duluan ...klu gitu #ahy dong jagoannya bukan ahok
208,1,#ahy
209,1,pesan #ahy jangan lupa gembira dan cinta indonesia
210,1,salam untuk kaum muda. hormat pada yang tua. #ahy
211,1,#ahy#thenextleader#ahy#adalahkita
212,1,mau jalan di tempat atau berlari menyongsong masa depan dari sekarang? #ahy menyongsong masa depan
213,1,"langkah ""kuda"" agus yudhoyono ->  "
214,1,datang tampak muka pulang tampak punggung. terima kasih kepri #demokratkelilingnusantara #ahy
215,1,aku pada #ahy pemimpin muda
216,1,"#ahy adalah inspirasi kaum muda... ""gerakan indonesia muda"" menuju indonesia emas"
217,1,setia pada #ahy sebab politik indonesia perlu ada regenerasi yg matang agar jgn ada lagi kutu loncat
218,1,#setia hinggahy akhir #harapan #masadepanbangsa @pdemokrat @sbyudhoyono @hincapandjaitan @ranabaja @hariswijaya1975 @edhie_baskoro
219,1,#ahy menyapa #selamatpagi indonesia @pdemokrat @sbyudhoyono @hincapandjaitan @edhiewibowo_55 @edhie_baskoro @isari68 @ranabaja
220,1,#ahy harapan & masa dpn bangsa @hincapandjaitan @sbyudhoyono @agusyudhoyono @pdemokrat @hariswijaya1975 @ranabaja @isari68 @didiklpambudi
221,1,#puisi putri #ahy dan para wanita penginspirasi  
222,1,keren #ahy
223,1,"wartawan tanya apa u pilkada 2018 mendatang, mas @agusyudhoyono akan ikut? dijawab mas #ahy sampai skg belum terpikir u ikut pilkada lainnya"
224,1,mas agus kasih kuliah umum nih #ahy
225,1,"kuliah umum ""mahasiswa perspektif untuk masa depan"" #ahy (at umrah dompak) â€”"
226,1,insya allah tidak mendahului tuhan..bakal ada yg nglamar #ahy ...
227,1,hmmmm calon tokoh dunia #ahy
228,1,kini #ahy lebih gembira
229,1,terimakasih kpada pendukung #ahy yang tlah memberikan suaranya kepada @aniesbaswedan | @sandiuno #semogaamanah #jakartauntukrakyat
230,1,bisa dipastikan sebagian besar voter #ahy akhirnya memilih @aniesbaswedan #pilkadadki #indonesia #savenkri
231,1,dan kita tetap #ahy
232,1,"logikanya pemilih #ahy putaran ke1 dipastikan punya psikologis yang sama dengan pemilih paslon 3, mereka ingin gubernur baru di jakarta."
233,1,suara pemilih #ahy pada putaran ke 1 terlihat memilih paslon no 3 pada puataran ke dua kali ini. selamat jakarta punya gubernur baru.
234,1,"olahraga dulu, ahy datang ke tps siang hari  "
235,1,ahy bergaya sporty  ke tps #ahy #tps #pilkadadki #lampost
236,1,"saat #pilkadadki putaran pertama, kita melihat bgm #ahy menunjukkan kelasnya sbg pemimpin yg berbesar hati"
237,1,setelah sebelumnya tidak pernah peduli #ahy
238,1,sebagian kecil pendukung #ahy ada yg dukung ahok. basis massa mayoritas kemungkinan lebih pilih anies. kunci kemenangan tipis bagi anies.
239,1,bagaimana pun suara pendukung #ahy akan menentukan kemenangan salah satu paslon.
240,1,semoga pemilih #ahy di putaran 1 di kebon kacang dan kp. bali beralih ke anies-sandi. #jakartacoblos3
241,1,yuk #ahy fans dukung dan menangkan #gubernurmuslim
242,1,"bismillah, semoga esok hari jakarta memiliki pemimpin yang sesuai tuntunan alquran, diridhai alloh swt"
243,1,"bu sylvi adalah contoh keberanian betawi utk dalam bersikap, ngga ngambang atau banci. contoh perempuan betawi tulen !"
244,1,"saya putaran pertama dukung ibu dan mas agus,, yah lebih baik kalah dengan terhormat daripada menang karena curang"
245,1,"begitu tulus, begitu menyenangkan... insyaallah ada jalan bu @sylviana_murni"
246,1,"#ahy pemimpin, harapan, masa depan bangsa. @sbyudhoyono @agusyudhoyono @edhie_baskoro @hincapandjaitan @isari68"
247,1,#ahy terbaik
248,1,"postingan 28 januari 2017, meneduhkan. tetep #ahy"
249,1,"salam ""wallahulmuwafiq ilaaqwamithoriq @sandiuno mencerminkan beliau nu sejak itu saya jatuh hati meski waktu itu saya #ahy @agusyudhoyono"
250,1,saya selalu suka dengan orang yang berjiwa besar #ahy
251,1,@ahycenter ahy r1 2019.. boleh kalah di pilgub #ahy @agus_yudhoyono
252,1,"walaupun kau kalah,kami tetap bangga sekali padamu #ahy,jalanmu masih panjang,kesuksesan yang lebih baik menantimu disaat yang tepat."
253,1,#ahy aku pribadi kagum atas pribadi mu yes #bangga atas sikapmu
254,1,"prananda sebut #ahy demokrat sejati, saya kagum dan salut   "
255,1,waktu itu .... ah sudahlah <frowning face> @didienazhar: #ahy no. 1 <thumbs up> <thumbs up> <thumbs up>
256,1,aku dari dulu agus harimurti yudhoyono lovers #ahylovers dari dulu annisa larasati pohan lovers  #alplovers bukan mendadak #ahy
257,1,terkadang sikap dewasa justru diajarkan oleh yang paling muda <thumbs up> <smiling face with hea-eyes> #a1 #ahy  #awesome
258,1,bangga melihat pernyataan #ahy ini. ksatria.
259,1,"hayoo siapa aja yang sekarang sibuk hapus2in twit mereka sebelumnya, yang jelek2in #ahy?  <face with stuck-out tounges> <face with tears of joy> "
260,1,#ahy juga bagus programnya mengenai persija
261,1,pingin lihat mas #ahy debat <face with stuck-out tounges> 
262,1,wah.diam2 mereka jadi *tersepona dengan pesonanya  #ahy dan akhirnya.. #gagalfokus deh! <face with stuck-out tounges> #ayoagusyudhoyono  
263,1,#ahy dukung #harisantrinasional 
264,1,"dengan kecerdasan, nasionalisme dan jiwa pancasilais yang dimiliki, #ahy bisa dikatakan memiliki jiwa santri, walaupun belum pernah mondok"
265,1,marasa beruntung sekali <sign of the horns> #ahy
266,1,walaupun aku pendukung anies sandi <ok hand> tapi bangga dengan jiwa besar ahy silvy masih ada 2019 prabowo ahy <folded hands> <folded hands>
267,1,"ahy sylvi selalu menang dalam hati kami pendukungnya, dengan adanya ahysylvi membuat panik dan ketar ketir luar biasa di kubu sana  <folded hands> <folded hands>"
268,1,kemenangan anis sandi  <ok hand> adalah kemenangan ahy silvy dan kaum pribumi <hugging face> <hugging face>
269,1,masih banyak yang bisa diperbuat ahy silvy untuk kemaslahatan bangsa ini... 
270,1,benar kata mas #ahy @agusyudhoyono #aniestidakkonsisten #boongya #debatfinalpilkadajkt #menolaklupa
271,1,"[heboh] pentolan band coldplay asal inggris, chris martin, memberikan dukungan pada pasangan agus-sylvi #ahy di pilkada jakarta 2017."
272,1,#sekjenpartaidemokrat@hincapandjaitan: diskusipolitik&bola kami akan turunkan yang terbaik untuk nkri kedepan #ahy@wearethenextleader#
273,1,karena politik adalah bagian dari kehidupan... meski jangan terlalu banyak <smiling face with smiling eyes>
274,1,#djarot apresiasi #ahy relakan relawannya dukung #ahok <clapping hands> <clapping hands>  
275,1,kemenangan yang tertunda. belajar dari segala kekalahan.pernyataan yang bijaksana #ahy
276,1,politik santun dan bermartabat. <folded hands> #ahy
277,1,"heboh, ahy muncul dengan penampilan baru @agusyudhoyono  "
278,1,gunawan dan freely anggota dprd talaud ini mau pasang spanduk ahy di perbtasan indonesia-filipina. lanjutkan
279,1,[ a h y ] untuk semua ! . . . . . . . . #ahy #ahy4all #ahyforall #ahyhargamati #tni…  
280,1,"yang buat polling mbak, kami terbuka pemilih #ahy secara pribadi untuk bergabung, karena mbak bukan pengambil keputusan di timses <smiling face with smiling eyes>"
281,1,sambutan hangat buat pendukung #ahy yang mau bergabung dengan kami <smiling face with smiling eyes> <folded hands>
282,1,12. #ahy dan sby di puji dan dibela tanpa mereka merasa malu dan merasa bersalah demi mengharapkan dukungan politik dan massa demokrat! 
283,1,"diberi nikmat bersyukur, diberi ujian bersabar.. selamat malam semuanya.. <face blowing a kiss> <face blowing a kiss>"
284,1,bangga menjadi bagian dari perjuangannya <face blowing a kiss> <face blowing a kiss> #ahy
285,1,jiwa besarnya teladan bagi kita semua... <oncoming fist>  <oncoming fist>  <face blowing a kiss>
286,1,saya juga dan tidak pernah nyesal dukung beliau <face blowing a kiss> <face blowing a kiss> malah bngga sekali kehadirannya di republik ini #ahy
287,1,pemimpin muda masa depan #ahy  <raising hands> <raising hands> <raising hands>
288,1,siapapun pemenang nya ahy tetap no 1 dan selalu dihati <smiling face with open mouth & closed eyes> <smiling face with open mouth & smiling eyes> <smiling face with smiling eyes> <face savouring delicious food> <kissing face with closed eyes> <face blowing a kiss> <smiling face with hea-eyes>  @agusyudhoyono #ahy #ahy…  
289,1,saya yakin rencana dan keputusan allah selalu benar dan selalu lebih baik dari keputusan manusia. <smiling face with smiling eyes> <smiling face with smiling eyes> #ahy
290,1,mas #agus tetap semangat . pendukung #ahy jangan tidur . #basuki maju terus insyaallah menang
291,1,keikhlasan berkorban #ahy tak bakal sia2 non
292,1,@agusyudhoyono tetep semangat mendharma baktikan jiwa dan raga untuk negeri ini  <smiling face with smiling eyes> <smiling face with smiling eyes>  #ahy #wpap #art
293,1,"ahy, mundur selangkah untuk melompat tinggi    "
294,1,semua tetap berharap pada #ahy. semoga semakin bersinar. aamiin! <smiling face with smiling eyes> <smiling face with smiling eyes>
295,1,"jika sudah waktu nya, akan datang untuk nya ... #ahy"
296,1,membaca strategi politik sby dalam pencalonan agus yudhoyono #ahy
297,1,nunggu skenario selanjutnya..... #ahy
298,1,jangan kira skenario ahy cuma untuk menang pilgub saja? ahy sudah pikirkan matang skenario jika kalah. kalah pun dia menang sejatinya. <smiling face with smiling eyes> <smiling face with smiling eyes>
299,1,"bukan kah #ahy sdh menunjukkan jiwa besar dalam hasil pilkada yang sulit, sungguh tidak sulit untuk deklarasi ini"
300,0,"catat, warga dki bakal segera merasa kehilangan ahok #pilkadadki2017"
301,0,"kalau saja #ahokmenang dalam #pilkadadki2017 maka jelas warga dki cukup cerdas, tak mudah diprovokasi isue sara, tapi kok..#gombalinahok"
302,0,"hari ini kalah di #pilkadadki2017 , besok kalah dipengadilan. #penjarakanahok"
303,0,"sedih, kehilangan sosok gubenur yang jujur dan pekerja keras untuk melayani warganya.@basuki_btp #pilkadadki2017 #ahokkalah"
304,0,ahok kalah telak diseluruh tps yang berada di wilayah fpi  
305,0,ahok menang tipis di tps tempat habib rizieq mencoblos  
306,0,"langsung deh, cuitan curang lah, black campaign lah, nongol.. katanya legowo, itu demokrasi bukan namanya hahaa #pilkadadki2017"
307,0,hasil tps  011/010 rw 002 di kelurahan pela mampang saya sedih lihatnya. #pilkadadki2017 #ahokdjarot
308,0,"#pilkadadki2017 masa tenang aja masih ada yang curang, apalagi pemilihan yaa hati2 aja, awasin tuh yang kemarin ketahuan bagi2 sembako"
309,0,tidak akan diberi petunjuk orang-orang zalim. tetap haram pemimpin kafir. #pilkadadki #pilkadadki2017 #islamrahmatanlilalamin
310,0,jangan harap jakarta bebas korupsi kalau suaramu saja masih bisa dibeli #muslimvotemuslim #ottsembakoahok #pilihanmumasadepanmu #pilkadadki2
311,0,"syukur, lembar c6 sudah di tangan. tidak sabar mau colok matanya ahok. #pilkadadki2017"
312,0,penista agama #ahok
313,0,"#sembako itu kan rejeki #ahoker , kasihan mereka yang sudah dukung #ahokdjarot tapi tidak dapat #sembako . #pilkadadki2017."
314,0,ahokers tukang plintir...lihat nehh!! @basuki_btp @ahokdjarot @wagubdki @vivarevolusi @tempodotco @republikaonline #pilkadadki2017
315,0,"#selamatharisembako kepada warga #jakarta yang merayakannya. terima sembakonya, jangan pilih pemberinya. #pilkadadki2017 @gunromli @sahal_as"
316,0,tidak rumit membedakan antara yang hitam dan putih dalam #pilkadadki2017 sangat jelas siapa yang paling doyan gaduh
317,0,harus dan pasti gubernur baru... yang lama udah bosan #pilkadadki2017
318,0,"kalau saya warga dki, maka saya akan ikut pesan rasulullah saw untuk menyerahkan segala sesuatu pada ahlinya. #pilkadadki2017 cc @partaisocm"
319,0,"kalau ahok lawannya djarot, aku mungkin pilih djarot karena memang ahok perlu belajar lebih baik mengenai humas dan diplomasi #pilkadadki201"
320,0,"#apakah ini hoaks ingat, muktamar nu sudah wajibkan nahdliyin pilih pemimpin muslim #pilkadadki2017"
321,0,jangan biarkan ini terjadi!! #gue2 #badjauntukjakarta #pilkadadki2017
322,0,#djarot beberkan kronologi pengusiran dirinya setelah sholat jumat  
323,0,hanya iblis yang ingin menghalang-halangi manusia yang mau beribadah di masjid. tetap semangat ya pak djarot...!! #garagarapilkada #pilkadad
324,0,dilarang pilih cagub nonmuslim? habib: pilih djarot! #pilkadadki2017
325,0,aneh dan makin aneh.. sesama umat sendiri di usir #pilkada #pilkadadki2017
326,0,bagi2 sembako gratis tim @basuki_btp itu melanggar pasal 73 ayat 1 uu no.10 thn 2016 #pilkadadki2017
327,0,mui sesalkan pemberian gelar sunan untuk ahok  
328,0,"kemungkinan yang saya lihat, #ahok kalah di #pilkadadki2017 lebih besar daripada menang."
329,0,pengamat: polisi terkesan berpihak pada ahok  
330,0,kubu badja sindir anies soal spanduk jakarta bersyariah - #pilkadadki2017 #ahok-djarot #aniesbaswedan #ahok #jakarta
331,0, 
332,0,"turun pangkat saja @ahok, jakarta tidak butuh penista agama seperti kamu iya kamu"
333,0,mulut #ahokers semakin jorok itu pertanda suara anies semakin kuat di #pilkadadki2017 #yangbikinberantem
334,0,jika pkb dukung #ahokpenistaagama di #pilkadadki2017 putaran ke2 maka siap-siap saja ditinggalkan pemilih umat islam di pemilu 2019.
335,0,"waduh! , ahok-djarot gunakan apbd untuk alat kampanye putaran kedua  "
336,0,"sedihnya hari ini, indonesia hanya sebatas jakarta, bhinneka hanya sebatas soal ahok semata #savejakarta #savenkri #1000lilin #ahokdjarot"
337,0,"pak djarot menangis, @addiems pimpin #nyanyianuntukahok. ada apa ya? cek  "
338,0,kami sangat rasa kehilangan bapak ahok #ahok #ahokdjarot #teman #temanahokfair #temanahok  
339,0,"ohh jadi mereka itu tertib karena #ahokdjarot ya, terus ada gub baru mereka tidak tertib lagi"
340,0,"kafirrrrrr dan menista ya??!#saveahok #ripjusticeindonesia #ahok #ahokdjarot â€” iqra, iqra, iqra !!!  "
341,0,lihat raut wajah bpk djarot bikin miris. sabar & kuatkan @ahokdjarot @basuki_btp #indonesiaberkabung #ahokdjarot
342,0,"remuk, negara nyata dalam ""pembohongan"". sangat nyata.... masih belum terasa? sejak dulu dan saat ini. mulai pakai otak. #ahok #ahokdjarot"
343,0,orang2 tidak tahu diri.ikut pakai sarana umum tapi hina gubernurnya sendiri! #riphukum #ripjusticeinindonesia #ahokdjarot #ahokishope
344,0,remuk hatiku lihat beliau  #riphukum #ripjusticeinindonesia #freeahok #ahokdjarot #ahok #ahokishope
345,0,ya beginilah politik indonesia jaman sekarang.. menyedihkan!! #riphukum #ripjusticeinindonesia #freeahok #ahokdjarot #ahok #ahokishope
346,0,"mental tempe jadi benci hukum indonesa, mental badja terus berjuang. #indonesia #indonesiasatu #pancasila #ahokdjarot #ahokishope #ahok"
347,0,kematian hukum kebenaran di indonesia #saveahok #ripjusticeindonesia #ahokdjarot #ripjusticeindonesia #tegakkankebenaran
348,0,ada tangis sedih pak djarot pd #paradenyanyianuntukahok yg dipimpin @addiems di balai kota. cek  
349,0,lebih mulia buruh di sidoarjo dari pada buruh yang demo dan bakar2 karangan bunga pemberian masyarakat untuk pak #ahokdjarot
350,0,habiburokhman sindir #ahok via #puisi #sembako  
351,0,buahahahhaha!! emang siapa yang merayakan? bisa gak pendukungmu merayakan tanpa di bayar? #ahokdicintairakyat #ahokdjarot #ahok @detikcom
352,0,#ahokdjarot #kpudkijakarta #sumarmo saksi ahok-djarot tolak tandatangani rekapitulasi suara pilkada  
353,0,"bagaimana dengan #ahokdjarot pak @jokowi ? mereka, khususnya #ahok di abused tiap hari oleh kaum islamist radicals"
354,0,deddy corbuzier sindir karangan bunga ahok. #indoharian #ahok #djarot #ahokdjarot #karanganbunga #dki #jakarta #dkijakarta #memepolitik
355,0,"bawa #ganja, #polisi ciduk #penyanyi pro #ahok  "
356,0,"takjub sebegitu besarnya cinta warga dki pada #ahokdjarot , geli sama kalimat-kalimat dalam #karanganbungaahok ."
357,0,"yah namanya juga manusia, suka khilaf. yang paling disayang a...yang diajak buat komitment b, paling ujung-ujungnya nyesel. #ahokdjarot"
358,0,salah satu faktor kekalahan kita adalah kurang kompak dalam memukul balik isu agama #ahokdjarot
359,0,"#ahokdjarot, untuk yang menang kerja aja dulu jangan banyak nuntut. belom belom kok banyak maunya. #jakarta #tanyakenapa"
360,0,enak sih nanti gubernur baru ini tinggal terima rapi #semangat #ahokdjarot
361,0,"bukti #ahokdjarot ..begtiu dicintai warganya,,namun kalah terhornat karna kelicikan yang menjijikan dari lawanya.."
362,0,"makin stress! dipikiran @fadlizon cuma duit, itung : 4000 bunga x rp 200.000 udah berapa dananya?? tapi cinta ke #ahokdjarot melebihi materi"
363,0,saya sarankan @fadlizon di dpr bikin pansus karangan bunga atau undang lsm untuk bentuk tim pencari fakta karangan bunga dari pada jadi gila
364,0,#karanganbunga #karanganbungaahok #ahokdjarot karangan bunga yang sindir ahok - djarot dirusak  
365,0,sebentar lagi pada komen apa nih mas ? settingan ? pencitraan ? apa disuruh ahok lagi ? hahaha #ahokdjarot
366,0,kita gembira atas bunga2 buat #ahokdjarot kaga juga bahas2 soal a&s tapi kenapa yang benci tetep fokus sama #badja yaaa? perhatian kalian
367,0,"para pendukung yang menang pada stres ni ya melihat kembang ke ahokdjarot, hati rakyat tidak bisa dibohongi menanglah karena menang."
368,0,"mungkin seperti ini ya rasanya dipaksa putus,lantas dikawin paksa sama bandot bini 5.susah move on-nyah. #pilkadajakarta #ahokdjarot"
369,0,"kira kira kalau karangan bunga ahok-djarot nyasar ke rumah anis, orang orang bakal ngomong apa ya? #ahokdjarot #orangkokbisanyinyirbgt	"
370,0,tidak masuk muri? mungkin bisa diusulkan masuk @gwr #ahokdjarot #badja #indonesiahebat
371,0,wah galon #adaaqua nya banyak pak.. saingan ni ye sama bunganya pak #ahokdjarot
372,0,dalam catatan sejarah dunia baru cuma #ahokdjarot yang kalah kebanjiran bunga #ahokrekormuri
373,0,"hati hati komentar tentang #ahokdjarot #kalahpilkada, ujung2nya anda dituduh nyinyir"
374,0,tukang karangan bunga yang tidak pilih ahok apa masih terima orderan masa mau buatin bunga buat orang kapir #karanganbungaahok #ahokdjarot
375,0,jakarta tanpa pak ahok @basuki_btp bagaikan bis tanpa om telolet om...#gombalinahok #ahokdjarot #ahokfornobel
376,0,yang dilantik oktober nanti bisa kayak gini gak #ahokdjarot #ahokmandikembang
377,0,yang menang pilkada itu #aniessandi yg kebanjiran ucapan selamat dan karangan bunga #ahokdjarot - fenomena alam
378,0,kiriman bunga ke #ahokdjarot 2.600 mereka masih nyinyir.... kalau sudah 7 juta mereka pasti pingsan semua
379,0,#karanganbungaahok biarlah mereka menghibur diri...wkkwwkkwk. #ahokdjarot #ahokbali1
380,0,banyak yang mulai sakit jiwa karena warga lebih cinta #ahokdjarot. #karanganbungaahok #gombalinahok kamis  #lawansekulerradikal
381,0,#ahokdjarot kalahpun masih juga jadi sasaran kreator hoax
382,0,"daripada kirim karangan bunga, mending bikin acara bagi bagi sembako #ahokdjarot #kalahpilkada"
383,0,ahok bukan penista agama tapi dinistakan oleh orang yang mengaku beragama #ahokdjarot
384,0,yang di dalam balaikota seperti di dalam museum di paris yang mau moto lukisan monalisa... #ahokdjarot #ahokdicintairakyat #savejakarta
385,0,"menit ke 1:51 sedih banget huhuhu... ibu itu sama bapaknya nangis, #ahokdjarot #savejakarta"
386,0,haha.. kayaknya sebentar lagi ada banyak bunga tandingan nih #ahokdjarot
387,0,"saran aja pak, biarkan kalo masih ada aja yang ngiri, bapak nganan aja takut bikin macet kalo bapak ikutan ngiri #ahokdjarot"
388,0,"stress, guberner yang didukung tidak diharapkan sama warga jakarta... #ahokdjarot #savejakarta"
389,0,"gak murah nih ! , jika ahok bukan gubenur kesayangan warga jakarta, emang siapa mau buang2 duit untuk beginian? #ahokdjarot"
390,0,"ya ampun pak, rasanya kok sesek yah dada ini ngelawan bangsa sendiri..... apalagi masalahnya issue sara... #ahokdjarot tak terganti"
391,0,"karangan bunga yang dikarang-karang untuk #ahokdjarot, sungguh kegilaan pasca kegilaan tuntutan jpu kasus #ahokpenistaagama"
392,0,apakah kafir itu tidak berlaku lagi jika .....???? #ask #ahokdjarot #aniessandimenang
393,0,"untuk pembenci pak basuki >""benci boleh, goblok jangan""< #ahokdjarot #badja"
394,0,pengamat: cara yang digunakan untuk jungkalkan ahok-djarot mirip strategi isis  
395,0,"yang simpatik aja segini, yang ga simpatik seberapa yak #ahok4ri #ahokdjarot"
396,0,"lambang matinya akal waras di indonesia, ketika fitnah mengendalikan kita #ahok #ahoktumbang #pilkadajakarta #ahokdjarot"
397,0,#ahokdjarot membuktikan bahwa tak selamanya mantan itu digantikan dengan yang lebih baik #mantanterindah #akakakakakk #maapnyampah
398,0,kajian ini gue liat pake perspektif netral loh ya. coba lah kalo ngomong dipikir #ahokdjarot
399,0,sederhana aja kan? ya orang yang mempertanyakan soal susah move on berarti cuma yang sok skeptis dan tim kontra ahok #ahokdjarot
400,0,"#debatfinalpilkadajkt #ahokdjarot #jakartakerja debat kok beretorika, program kok berwacana... yang adil tidak korupsi sajalah"
401,0,"ancam polisikan, sutradara video rasis kampanye ahok-djarot minta bayaran sesuai kontrak  "
402,0,"di penutup, paslon mengucapkan permintaan maaf. #ahokdjarot melakukannya dengan baik. #aniessandi kok minta maafnya gitu..?"
403,0,saya mau protes kenapa ada iklan yang macet-macet saat streaming #ahokdjarot #badja  
404,0,menata jakarta bukan menata kata-kata! #debatpilkadadki #gw2
405,0,#pilkadadki2017 pilkada dki 2017 itu sangat rasis dan agamis. buktinya ras china pilih ahok 100% dan pemeluk kristen pilih ahok 100%
406,0,"lholho ini kenapa pendukung ahok, dp 0% teruntuk kaum dhuafa, situ kan uangnya sudah banyak. <bomb>  #dp0% #ahokkeok #pilkadadki #pilkadadki201"
407,0,"dulu #jakarta tidak pernah terpecah belah, tapi sejak ada orang asing #jakarta terpecah <broken heart>  #akucoblosaniessandi #pilkadadki2017 #pilkadadk"
408,0,ha-ha-ha. sudah tidak adil nih bangsa. kalian masih mau milih no 2? cina? hah? <speak-no-evil> #akucoblosaniessandi #pilkadadki #pilkadadki2017
409,0,tidak akan diberi petunjuk orang-orang zalim. tetap haram pemimpin kafir.  <fire> <fire> #pilkadadki #pilkadadki2017 #islamrahmatanlilalamin 
410,0,jangan sampai allah mengazab kalian wahai orang2 muslim yang memilih pemimpin kafir <high voltage> <high voltage> #pilkadadki2017 #pilkadadki
411,0,saya tidak bisa move on sampai sekarang lihatin ahok + djarot kalah <slightly frowning face>
412,0,masih baper tentang ahok-djarot <disappointed face>
413,0,"bukan untuk memenangkan anies-sandi, tetapi untuk mengalahkan ahok-djarot. tarik kesimpulannya sendiri yep"
414,0,sembako murah ala timses ahok-djarot langgar uu pemilu  
415,0,kok rasa2nya ahok-djarot bakal kalah ya.. gerakan dan tindakan paslon 3 gencar dan mengerikan. <face screaming in fear> <face screaming in fear>
416,0,itu yang ngomong jangan pilih ahok djarot pernah merasakan banjir tidak sih? <pouting face>
417,0,dulu mereka bilang #ahy cagub #fpi sekarang #anies cagub #fpi. intinya #ahoker buta peta politik <zipper-mouth face>
418,0,tolong bapak gubernur knp sampai saat kjp anak saya tidak turun juga sudah hampir 4 bulan menjelang pilkada dki sampai sekarang <confused face>
419,0,kafir tetap haram pemimpin kafir. #pilkadadki #pilkadadki2017 #islamrahmatanlilalamin  <fire> <fire>  <fire> <fire>
420,0,#djarot beberkan kronologi pengusiran dirinya setelah sholat jumat  
421,0,awas serbuan warga wahabi dari bogor dan depok #jakartaberaswaja #sjpkb #pilgubdki #jakartapunyasemua @kpudki  
422,0,"dipecat jadi menteri ,, gimana mau jadi gubernur? #no2 #pilihahok #ahokdjarotdirosi #ahok #ahokdjarot #jangansalahpilih"
423,0,kuota @aagym lagi habis makanya tidak mengikuti berita @warta_mui @mata #indonesia #pilkadadki #aniessandi #voteahok #ahokdjarot
424,0,@bank_dki ikut2an #moneypolitic untuk kemenangan #ahokdjarot ??  <see-no-evil monkey>  @ojkindonesia
425,0,kalo bete ama m taufik boleh pilih #ahokdjarot nggak kak? soooo pastiiii !!! <face with steam from nose> <face with steam from nose> <face with tears of joy> <smiling face with open mouth & smiling eyes> <face with tears of joy> <grining face with smile eye> <victory hand> #jangantakutpilih2 #pilihbadja
426,0,#ahokdjarot anti korup..kinerja kerja nyata.. kebersihan tata ruang kota.. jakarta..makin baik?  <weary face>  <weary face>
427,0,"diberbagai survei, debat dimenangkan paslon no 3 nih. #aniesbaswedan #ahokdjarot"
428,0,memilih paslon no 3 yang pernah gagal menjalankan tugas sebelumnya adalah melecehkan akal sehat. #ahokdjarot
429,0,"mendadak santun & toleran gini <zipper-mouth face> <zipper-mouth face> <zipper-mouth face> ....bukan gara"" deket tgl 19 april kan ? <face with tears of joy> <face with tears of joy> <face with tears of joy> #indonesia @metro_tv #voteahok #ahokdjarot #ahok"
430,0,@aniesbaswedan kemarin bilang tidak setuju syariah . lah ini apa ?? #indonesia #badja @nu_online #ahokdjarot #pilkadadki @matanajwa
431,0,#tolakjakartabersyariah #tolakjakartabersyariah #tolakjakartabersyariah #tolakjakartabersyariah @lintangchrezl @hit_dx @chajanjr @arifinp76
432,0,"apa yang kamu mau perangi kalau faktanya benar, yang ada pengikutmu cuma bisa caci maki saja #indonesia #bubarkanfpi #badja #ahokdjarot #mat"
433,0,rizieq minta pengikutnya untuk ternak akun disosmed. jadi jangan heran kalau akun twitter tiba2 diserbu pasukan caci maki  <grining face with smile eye> <face screaming in fear> <face screaming in fear>
434,0,wasekjen mui nilai video kampanye ahok-djarot suduntukan umat islam  
435,0,"kasih iming-iming kjl kepada orangtua, ahok-djarot diminta jangan menipu lansia  "
436,0,tidak usah mikir coblos sebelah kiri #ahokdjarot <face with stuck-out tounges> <face with stuck-out tounges> <victory hand>
437,0,video kampanye ahok-djarot telah hancurkan kebhinekaan  
438,0,saat alien menyerang indonesia  
439,0,lulung nyampah jadi timses anies sandi gara gara takut kena semprot ahok <face with tears of joy> #ahokdjarot <face with stuck-out tounges>
440,0,@kataahok #ahok #ahokdjarot @ahokdjarot  @tetapahokdjarot  #3ya3 memang pilpres sabang sampai merauke?  
441,0,"mentang mentang nama belakangnya sama, mau ambil keuntungan saja. yang novel iya yang anies gak #ahokdjarot #pilgubdki"
442,0,#ahokdjarot mencari orang pintar buanyak di jakarta. mencari orang yang jujur anti korupsi suka bekerja keras...itu yang sulit.
443,0,"kampanyenya ngomong program ini program itu, jadi mentri aja dipecat <face with tears of joy> mending liat yang udah ada hasil kerja ada deh #ahokdjarot"
444,0,"timses anies ngomongnya sok kayak motivator, udah ahok terbaik kok jadi gubernur. liat hasil kerjanya aja deh #ahokdjarot"
445,0,"pantes banyak polling dihapus, kalau yang menang polling #ahokdjarot pasti dibesar2kan, ditayangkan 25x dalam sehari dimetrotivi <face with tears of joy> <face with tears of joy> <face with tears of joy>"
446,0,"buzzer #ahokdjarot galau, semua survei dan polling memenangkan #aniessandi invoice bakal tak dibayar nih!  <face with stuck-out tounges>"
447,0,@aniesbaswedan omonganmu tidak cocok dengan fakta <thumbs down> <thumbs down>@matanajwa @metro_tv #pilkadadki #voteahok #badja  @nu_online #ahokdjarot #dki
448,0,"#ahokdjarot unggul dalam memainkan isu dan strategi. apalagi dalam isu sara, serta matang dalam mengelola strategi musuh.  <face with stuck-out tounges>"
449,0,nasi bungkus terdeteksi #ahokdjarot
450,1,pdi-p perkuat kemenangan ahok-djarot #pilkadadki2017.
451,1,inilah pemenang #pilkadadki2017 yang sesungguhnya. mereka harus mengalah agar jakarta tidak pecah oleh politik sara yang brutal dari pihak
452,1,hujan sembako dari ahok-djarot jadi sedekah bagi anies-sandi #pilkadadki2017
453,1,"dalam hitungan saya, pemenang sesungguhnya dalam #pilkadadki2017 adalah #ahokdjarot, tapi mereka harus mengalah untuk kepentingan nasional."
454,1,terima kasih pak ahok  @basuki_btp #pilkadadki2017
455,1,"sempat terkejut karena bapak ahok kalah dalam versi quick count #pilkadadki2017. tidak apa-apa, tetep keren terus ya pak! tetap menginspiras"
456,1,"jadi serahkan semua takdir kehidupan kepada tuhan, kita hanya menjalankan sebaik mungkin. bukan begitu pak @basuki_btp #pilkadadki2017"
457,1,trimakasih pak @basuki_btp atas kinerja bapak degan pak djarot dalam memimpin dki. #pilkadadki2017
458,1,"melihat para @temanahok, harapan itu kembali hidup. mereka akan jadi ahok masa depan. menyelamatkan nkri dari tikus berdasi. #pilkadadki2017"
459,1,selamat istirahat pak @basuki_btp setelah ronde panjang melawan penjahat anda telah menang #pilkadajakarta #pilkadadki2017 #basukidjarot
460,1,kekuasaan itu tuhan yang kasih tuhan juga yang ambil. #terimakasihpakahok saya bangga memilih pak ahok #pilkadadki2017 #terimakasihahok
461,1,"yang 1 itu selama kerja sudah terbukti, yang diomongin jadi kenyataan. yang 1 nya jadi menteri aja dipecat apalagi ini? #pilkadadki2017"
462,1,"tidak apa-apa ahok kalah, supaya sedikit aman. coba ahok menang, calo akhirat pada ribet teriak-teriak di monas. #pilkadadki #pilkadadki2017"
463,1,untuk bpk@basuki_btp terima kasih untuk perjuanganmu selama 5 tahun terakhir. kami akan terus mendukungmu terbang lebih tinggi lagi.#pilkada
464,1,artis pendukung ahok selamati rekannya pendukung anies  
465,1,"saatnya menerima gubernur baru. terima kasih kepada gubernur lama. sudahi perselisihan, mari bersatu untuk maju.#pilkadadki2017"
466,1,kepemimpinan bapak @ahok membuat saya bangga menjadi bagian dari pegawai pemerintah.terimakasih pak @ahok #salam2jari
467,1,@ahok @djarot saya mendukungmu di pilkada ini dengan sepenuh hati. semoga menang menang merdeka
468,1,#pilkadadki2017 sangat mencintaimu pak @ahok. menanglah dan lanjutkan
469,1,#hasilc10 #ba2ukidjarot #pilkadadki2017 #matarakyat #kawalpilkada @basuki_btp @ahokdjarot unggul di tps 58 duri kosambi cengkareng
470,1,"warga pluit : kami pilih ahok karena kerjanya, bukan satu etnis.  "
471,1,selesai untuk beberapa waktu. kami tetap setia #pilkadadki2017  
472,1,usai nyoblos ahok hanya tersenyum.  
473,1,"warga bekasi-tangerang-bogor-depok dihimbau agar mencoblos no.3,jangan (((no.2))) dan bagi semua warga dki coblos (((no.2))) #pilkadadki2017"
474,1,selamat pagi salam 2 jari untuk #pilkadadki2017 #pilkadajakarta
475,1,"mari kita berdoa, agar mereka semua dengan hati yang bersih coblos paslon no 2 . berdoa dimulai... #pilkadadki2017"
476,1,"meski saya warga sultra, tetapi saya dukung ahok djarot untuk gub.dki jakarta #pilkadadki2017 #pilkadajakarta #ahokmenang #ahok"
477,1,"apa yang dicari.? pilih gubernur, yang bisa mimpin jakarta. bukan yang hanya omong kosong #besokguaahok #pilkadadki2017 #pastikanbesokdua"
478,1,satu orang pemimpin yang tahu bagaimana cara memimpin adalah lebih baik dari pada seribu orang yang belajar kepemimpinan #pilkadadki2017
479,1,#pilkadadki2017 kh said aqil sebut #ahok-djarot sejalan dengan nu
480,1,kita butuh pemimpin bermutu bukan sebatas penjaja kau di #pilkadadki2017 nanti semoga @ahokdjarot sukses dan menang
481,1,3 hari lagi menuju #pilkadadki2017 .dari provinsi jambi aku turut mengaminkan tuit ini moga pak purnama @basuki_btp dan pak hidayat terpilih
482,1,iwan fals saja pilih ahok djarot..tahu kan konsistennya iwan fals melawan korupsi ? #pilkadadki2017 @takviri
483,1,tanggal 19 pilih dengan hati nurani ya #pilkadadki2017 #badjauntukjakarta
484,1,#1000lilin #rizieqpulang #lilinuntukahok #ahok #ahokdjarot andai saja ini bisa di contoh untuk seluruh indonesia
485,1,bener banget! cuma yang nonton concert coldplay aja yang ngerti #ahokdjarot
486,1,"pelajaran kesabaran dari ""the invisible"" djarot  "
487,1,apa pendapat anda tentang pak ahok? â€” pemimpin hebat yang tuhan utus utk indonesia #gueahok #ahokdjarot #saveahok  
488,1,gantungan kunci ahok berbagai model  
489,1,#freeahok #saveahok #ahokfornobel2017 #ahokdjarot #ahoklovers #ahokbtp #ahok  
490,1,"introspeksi diri #saveahok #ripjustice #basukibtp #ahokdjarot #indonesia @bogor, indonesia  "
491,1,ternyata mencari pemimpin yang dicintai itu tidak gampang.msp. #ahokdjarot #ahokfornobel #silake5
492,1,djarot ucapkan terima kasih atas syukuran ahok dipenjara  
493,1,kami mencintaimu ahok and djarot! #ahok #saveahok #ahokdjarot
494,1,"doaku menyertai (jakarta, may 2017) basukibtp @ahokdjarot #storyofthestreet #ahok #ahokdjarotâ€¦  "
495,1,1000 lilin untuk pak ahok #saveahok #ahokers #ahokdjarotâ€¦  
496,1,#ahok #ahokhebat #ahokdjarot #ahoktakbersalah #ripjusticeindonesia #politikkotor
497,1,"mas @addiems , keren banget... selamat berjuang, nkri harga mati #saveahok #ahokdjarot #ripjusticeindonesia"
498,1,tugu proklamasi dibawah sinar bulan purnama #ahok #ahokdjarot #ahokfree
499,1,dari ntt untuk bapak ahok basukibtp #saveahok #ahok #ahokdjarotâ€¦  
500,1,manado 1000 lilin #ahokdjarot #hukum_yang_telah_mati #nkri harga mati
501,1,1000 lilin untuk ahok dari manado @manadokota @temanahok @basuki_btp @digembok #ahokdjarot #ripjustice #riphukum #manado #savenkri
502,1,pak @wagubdki dan @basuki_btp itu adalah 2 sosok band of brothers di kehidupan nyata #demiahok #ahokdjarot
503,1,sejuta lilin demi keadilan #ahokdjarot #lawinforcement #justice #jakartauntuksemua #indonesiaraya  
504,1,"semoga #ahokdjarot bisa menyelesaikan tugas negaranya sampe oktober pas pelantikan gubernur baru, supaya apbn saat ini tidak diganggu2 amin"
505,1,salam sujud dan hormat saya pada pak djarot khabarnya penangguhan tahanan ahok di setujuin dan malam ini pak ahok pulang
506,1,semoga selalu #tegar #ahokdjarot  
507,1,dukungan doa dan pemasangan sejuta lilin untuk ahok dari manado untuk indonesia. #saveahok #ahokdjarot #ripjusticeinindonesia
508,1,manado untuk pak @basuki_btp
509,1,rakyat cinta nkri perjuangkan keadilan #justice #lawinforcement #ahokdjarot #jakartauntuksemua @â€¦  
510,1,semangat ya pak djarot.. doa kami menyertaimu.. #ahok #ahokdjarot #djarot #ripjusticeinindonesia
511,1,bagi bangsa ini kami berdiri dan membawa doa dalam kemenangan tuhan atas indonesia ini melalui pak #ahok #ahokdjarot #indonesiaberkabung
512,1,suatu hari nanti orang-orang akan bercerita bahwa batman dan robbin pernah melindungi jakarta !!#ahokdjarot
513,1,perbedaan mana yang kerja keras dan mana yang suka cari muka ! #ahok #ahokdjarot #freeahok #ahokishope #ripjusticeindonesia #riphukum
514,1,dukungan doa dan pemasangan lilin untuk ahok dari manado untuk indonesia. #saveahok #ahokdjarot #ahokpresidenrike8
515,1,jerih lelahmu memperjuangkan bangsa ini dari korupsi dan menegakkan kebenaran diperhitungkan oleh tuhan pak. gbu #ahok #ahokdjarot #freeahok
516,1,tuhan selalu bersama pak @basuki_btp dan keluarga.kami selalu bersama pak ahok #freeahok #ahok #keadilan #ahokdjarot
517,1,"tetap semangat pak djarot, air matamu akan selalu terkenang, air mata yang menandakan kecintaanmu untuk indonesia #djarot #ahok #ahokdjarot"
518,1,doa kami untuk jakarta.#ahokdjarot
519,1,paduan suara warga di balai kota #ahokdjarot
520,1,apakah ini bukan suatu sejarah? #indonesiabersih #ahokdjarot
521,1,demam karangan bunga dukung ahok-djarot menjalar hingga siantar
522,1,tidak ada pemimpin di indonesia sebaik jujur tegas dan kerja nyata ahok djarod is the best #ahokdjarot
523,1,"integrasi rusun, pasar dan bioskop rakyat semasa #ahokdjarot yang ditunggu kelanjutannya dibawah gubernur baru"
524,1,hampir tengah malam kami sekeluarga lewat balai kota karena anak mau lihat bunga. ternyata sampai monas! #ahokdjarot
525,1,ribuan bunga untuk #ahokdjarot #ahokdicintairakyat #jakarta
526,1,"#ahokdjarot selalu dihati #buniyani masuk bui #anies pecatan menteri, bloon"
527,1,indonesia harum bunga #ahokdjarot ungkapan seribu bahasa cinta
528,1,jelas yaaaa.... #bunga bukan abal2... #badja #ahokdjarot #jakarta @ kantor balai kota jakarta  
529,1,ke balaikota dki jakarta dan kehabisan kata-kata.. #ahokdjarot
530,1,bukan hanya di jakarta saja tapi di medan juga #ahokdjarot #ahokdicintairakyat #ahokshow #fadlizon #jakarta
531,1,karangan bunga untuk ahok dari kota kecil yang indah.... #ajibarang #basuki_btp #jakarta #ahok #ahokdjarot #dkijakarta
532,1,"pemenang sejati adalah pemenang hati rakyat. udah kalah masih bisa datangkan rejeki buat tukang bunga,pak #ahokdjarot #ahokdicintairakyat"
533,1,"@basuki_btp dan djarot semangat & sehat2 terus. semoga diakhir masa jabatan ini, masyarakat dki sadar akan pemimpin sebenarnya. #ahokdjarot"
534,1,betul sekali itu abang yang keren tuhan berkati #ahokdjarot dan berkati juga abang
535,1,"balaikota masih rame, kiriman bunga pun masih terus mengalir untuk #ahok dan #djarot #badja #ahokdjarot"
536,1,hari ini wisata ke balai kota. mumpung gubernurnya masih pak ahok. riang gembira dan gratis. penuhnya luar biasa. #balaikotadki #ahokdjarot
537,1,perlu ide gila #redkarpet #longredcarpet #longredcarpetahokdjarot #ahokdjarot
538,1,"allah bersama orang2 yang benar, subhanallah.. #dkijakarta #ahokdjarot #pemprovamanah #pemenangdihatirakyat #piss"
539,1,"unik, karangan bunga untuk gubernur dki jakarta, badja viral di medsos, ini salah satunya ... #polemikpaluhakim #dkijakarta #ahokdjarot"
540,1,tuhan memberkati #ahokdjarot
541,1,"tuhan sayang jakarta & ahokdjarot karena ahokdjarot kalah saja mereka masih marah, ahokdjarot menang apa yg terjadi di jakarta terima kasih."
542,1,"kami sudah biasa dan tak bisa lepas dengan yang galak-galak. kami sayang kamu, pak #ahokdjarot"
543,1,lagi nongkrong ada yang masang karangan bunga. dan ternyata tidak sampai monas aja tapi sampai jogja! #ahokdjarot #bungaahok #bungauntukahok
544,1,heboh papan bunga untuk pak ahok #pakahok #ahok #jakarta #dkijakarta #ahokdjarot #indonesia  
545,1,#gombalinahok kamu luar biasa pak begitu jahat ninggalin aku yg terlanjur sayang padamu #ahokdjarot 
546,1,karangan bunga dan antrian foto bersama.... il phenomenon baru kayaknya untuk seorg figur di indonesia #ahokdjarot
547,1,dari batam untuk #ahokdjarot. tetap semangat pak!  
548,1,karangan bunga ucapan terimakasih masyarakat ke pak @basuki_btp & pak @ahokdjarot sampai monas #karanganbungaahok #telkomsel #ahokdjarot 
549,1,#ahok #djarot tetap di hatiku #pilkadadki
550,1,#ahok #ahokdjarot #pilgubdki #saveahok #temanahok gusur demi jutaan rakyat  
551,1,"#ahok #saveahok #ahokdjarot #pilgubjkt anies unggul di pemilih muslim, ahok kaum pendidikan tinggi totorqq:  "
552,1,#duajari #ahokdjarot #badja #salamduajari #duajari #kode #code #gangster #farmer #foodhero  
553,1,"sudahlah bikin pusing. lagian @basuki_btp sudah jawab dengan baik. tinggal semua tenang,konsentrasi,berdoa,selalu bahagia untuk menang"
554,1,terima kasih atas doanya pa kyai .. #voteahok #aniessandi #pilkadadki #ahokdjarot
555,1,kita jatuh cinta dengan gubernur yang tidak kita miliki. <heart with arrow> #pilkadadki #pilkadadki2017
556,1,betul tidak pak jokowi ? <trophy> <trophy> oke lah ya pak basukibtp dukung 100 % . . #pilkadadki #pilkadadki2017
557,1,peach #pilkadadki #pilkada #pilkadadki2017 #pilkada2017 #ahok #ahokdjarot #ahokers   
558,1,kami sudah. #vote #pilkada #pilkadadki #pilkadadki2017 #ahokdjarot @ tps 07  
559,1,ayo coblos yang bijaksana untuk jakaa yang lebih baik  <victory hand>  #pilkadadki #pilkadadki2017 #pilkadajakartaaman
560,1,bapak presiden sudah bilang pilkada dki akan aman tohh  <smiling face with sunglasses>  <smiling face with sunglasses> ... #pilkadadki2017 @jokowi @jokowiahokjkt
561,1,"kekalahan ahok ini disengaja, biar bisa sepaket dengan ahy pada pilpres nanti <face with stuck-out tounges> <grining face with smile eye> <grining face with smile eye> <smiling face with sunglasses> <smiling face with sunglasses> #pilkadadki. #ahokers jangan risau hahahahahaha"
562,1,"pak anies sepertinya semakin banyak dapat respon negatif dari netizen.makin emosi-an.ahy, tetap hafalan.badja paling ok <smiling face with sunglasses> <smiling face with sunglasses> <victory hand>"
563,1,kekalahan basuki tjahaja purnama-djarot saiful hidayat di pilkada dki jakarta tidak mempengaruhi elektabilitas pdi <victory hand>
564,1,"saya percaya, kondisi cuaca beberapa hari sebelum pilkada dki ikut serta memberikan kontribusi positif ke ahok-djarot. aku 2!! <victory hand> <victory hand>"
565,1,"bagi tompi, ahok-djarot <victory hand> <victory hand> lakukan perubahan positif, nih buktinya! #pilkadadki"
566,1,"positif, pdip usung ahok-djarot di pilkada dki 2017 <victory hand> - suara nasional  "
567,1,kalah karena jujur lebih baik daripada menang karena curang <heavy check mark> <heavy check mark>. initerjadi di pilkada dki.makanya masih iri tidak terima sama ahok
568,1,kalah pilkada dki ahok djarot dapat karangan bunga simpati karena teruji dan terukur <victory hand> <victory hand> anies sandi menang dapat bunga dp 0%
569,1,"ahok-djarot kalah dalam pilkada, tapi menang dalam menjaga integritas berdemokrasi pancasila. bangga! <smiling face with hea-eyes> #jakartagubernurbaru #pilkadadki"
570,1,kepada pendukung #badja #ahokdjarot kita tidak usah terprovokasi dan jangan mengotori tangan2 kita dengan hal2 yang mengandung nazis <heavy check mark> <heavy check mark>
571,1,"ingat kita pilih pelayan warga, bukan pemimpin agama di jkt. pilih yang jelas baik, jujur dan bersih <heavy check mark> <heavy check mark> #ahokdjarot #debatpilkadadki"
572,1,"banyak pemimpin agama yang baik. tapi pelayan warga yang jujur, bersih dan kerja nyata, cuma <victory hand> <victory hand> @ahokdjarot #debatpilkadadki"
573,1,#djarotsupportpersija luar biasa #ahokdjarot #badjaberagam
574,1,jangan lupa coblos pemimpin yang pekerja keras <victory hand> <victory hand> #ahokdjarot #aniessandi #jakartapunyasemua
575,1,masih berama dalang enthus #ahokdjarot #ahokdjarotlebihbaik #enthus #salamduajari
576,1,#jelas membawa manfaat untuk umat. komitmen #ahokdjarot <victory hand> <victory hand> untuk umat islam -  
577,1,haha..kerja nyata #ahokdjarot <victory hand> <victory hand>
578,1,baju seragam buat nyoblos sudah siap nih teman-teman... #pilkadadki #ahokdjarot…  
579,1,#gue2 #kami2 #ahokdjarot #tetapahokdjarot #suarakankebenaran #weedbegoodtogether #katakitaig  
580,1,"karena #ahokdjarot  <victory hand> <victory hand>  terbukti berkinerja bagus, bersih, anti korupsi & memperjuangkan keadilan"
581,1,marilah kemari (@ahokdjarot  <victory hand> <victory hand>  disini) cover by citra & alain #ahokdjarot #basukidjarot @temanahok @ahokshow
582,1,saya 2 <victory hand> #ahokdjarot #ba2ja (at toba dream)
583,1,ahok-djarot  <victory hand> <victory hand>  meroket. #ahok #djarot #ahokdjarot #pilkada #election #pilkadadki2017 #gubernur…  
584,1,ini! #ahok #ahokdjarot
585,1,"walaupun banyak cobaan yang menimpa pak ahok, mundur 1 langkah maju 1000 langkah untuk menjadikan jakarta lebih maju lagi <trophy> #ahokdjarot"
586,1,#ahokdjarot <victory hand> <victory hand> 
587,1,jakarta tidak butuh gubernur yang pandai bermain kata2.. jakarta butuh gubernur yang bekerja nyata <victory hand> <victory hand>  #ahokdjarot
588,1,siaran langsung pak ahok  <grining face with smile eye>  #ahok #ahokdjarot  
589,1,ahok di net ahok di ini talkshow #ahokdjarot #jakartapunyasemua #temenahok #ahokdjarotmenang #jakartakece
590,1,"benar deh ,ikhlas kok #ahokdjarot tidak jadi gubernur beliau sudah tujukkan cara berdemokrasi, dan jadi sosok pemimpin yang berintregitas"
591,1,"kata babe pilih nomor 2 <victory hand> <victory hand> <victory hand> #ahokdjarot basukibtp @kebagusan,pala soang  "
592,1,"#ahokdjarot hasil kerja nyata,hasil kerja sudah banyak yang terselesaikan, gak pakai janji2 lagi,tinggal meneruskan yang lain  <victory hand> <folded hands> <fire>"
593,1,menjadi cerdas dan berpikir jernih #ahokdjarot #putaran2menang
594,1,#kawalc6coblosno2 kawal #ahokdjarot #putaran2menang <victory hand> <victory hand>
595,1,cuma ahok jarot yang bisa membereskan jakarta karena tahu apa yang dilakukan <folded hands> <folded hands> .bukan calon yang cuma ngayal sama jualan kipas.
596,1,begini program ahok-djarot <victory hand> <victory hand> ajak warga bekerja baca selengkapnya #ahok #ahokdjarot
597,1,#jakartabersuriah ala ustad cang haris.. pilih #ahokdjarot <victory hand> jangan lupa no. 2 pilih yang islami asli berakhlaq dan sudah haji.. haji djarot
598,1,di hari2 terakhir ini saya usul team pak @basuki_btp bergerak di #jakaatimur #ahokdjarot #kami2 untuk sosialisasi programkerja  <folded hands> <folded hands>
599,1,<lovered> nama yang indah <lovered> nama masjid baru pemkot jakarta masjid raya kh hasyim ashari. @nu_online @nahdlatuloelama #ahokdjarot
600,0,lebih baik jadi dosen yang dibanggakan dari pada berharap jadi gubernur dengan cara yang membohongi rakyat dan diri sendiri. #pilkadadki2017
601,0,kalau saya sih malu ngakunya juga @aniesbaswedan ...
602,0,kenapa pak @prabowo berterimakasi pada #fpi setelah @aniesbaswedan @sandiuno memenangkan #pilkadadki2017 pengamat politik mana pengamat.
603,0,"daftar rumah baru di jakarta yang dp nya 0-rp kalau gak terealisasi, kau tanggung janji kau di akhirat nanti,,, #pilkadadki2017 #pathdaily"
604,0,"kalian dijanjikan ini itu sama calon gubenur baru. jangan lupa tagih janjinya, jakarta butuh kerja nyata bukan sekedar janji #pilkada"
605,0,"bagi yang precariat kayak aku ini, dp rumah 0% lumayan membantu. jadi pasti aku tagih! #pilkadadki2017"
606,0,harus menerima hasil ini dengan lapang dada. #pilkadadki2017
607,0,sedih... tetap optimis ya jakartaku #pilkadadki2017
608,0,kalo gitu aku mau tagih program dp 0% dari anies-sandi #pilkadadki #pilkadadki2017
609,0,"sabtu kerja&ngobrol tentang #pilkadadki,ternyata ketua rw di komplek rumah teman saya super maksa warga pilih anies demi janji 3 milyar"
610,0,takut kalah jadi buruan bagi-bagi sembako. kayanya lebih cocok jadi pegawai bulog kaleee. colek @kpu_dki @kpu_ri @jokowi #pilkadadki2017
611,0,jenazah ditolak.  abis solat diusir. yang dagang di usir. agama jadi jualannya politik. mantavvv jiwa cara lu..  #pilkadadki2017 #pilkada
612,0,"tapi lawan ahok sekarang jelas tidak lebih baik, malah lebih buruk. track record kurang, komitmen memberantas korupsi nihil. #pilkadadki2017"
613,0,"mungkin maksud anies, prostitusi dan perjudian di kalijodo harus tertata rapih ->  "
614,0,"ih serem, terus nanti bilangnya di pitenah...#gue2 #badjauntukjakarta #pilkadadki2017"
615,0,"pak @aniesbaswedan sekarang kan lagi masa tenang, kok team sukses bapak masih kerja ya? bagi2 bunga segala lagi #pilkadadki2017"
616,0,"terlalu tidak bisa diaplikasikan, program2 paslon 3. bahkan cenderung tidak bisa nyambung dalam bahasa teknisnya. sangat prihatin"
617,0,semoga allah swt memberikan rahmat bagi yang mendzolimi sesama. #prihatin #pilkadadki2017
618,0,"anis persis kayak orang jualan sabun wangi dipasar, kalau ngomong pinter tapi tidak pernah mandi"" #pilkadadki2017"
619,0,"jika nanti punya pemimpin yang ingkar, jangan heran, karena pada tuhan pun manusia itu seringkali ingkar!! #pilkadadki2017"
620,0,fasisme musuh demokrasi. @aniesbaswedan merangkul dua sekaligus: islamisme & orang2 orde baru. #pilkadadki2017 #debatfinalpilgubdki
621,0,bapak @basuki_btp pemenang pilkada 2017 @ahokdjarot bangundki @aniesbaswedanid jangan stres  kalau gatot(gagal total)#pilkadadki2017
622,0,"lagi2 bicaramu ngawur tanpa fakta, jangan asal ngomong @aniesbaswedan @sandiuno @basuki_btp @roryasyari #pilkadadki2017 #debatpilkadadki"
623,0,pilkada telah ditutup dengan debat (kusir) yang kusut kualitasnya. debat terparah. #debatfinalpilkadadki #pilkadadki2017 #ahokdjarotdirosi
624,0,"baru kali ini kau terlihat arogan pak anies, saya menjadi tidak yakin untuk memilihmu #pilkadadki2017"
625,0,"setelah ko di beberapa polling, kini mereka goreng soal kpud tidak netral, kamvreetttt.... #pilkadadki2017 #debatfinalpilkadadki #okeoce"
626,0,"program asal ngomong begini jadinya, pemotongan warga #pilkadadki2017 #pilkadadkijakarta2017 #asalngomomg"
627,0,"waaaah ternyata dia sudah sadar, kalo selama ini salah pilih #basukidjarot @ahok_btp @ahokdjarot #pilkadadkijakarta2017 #pilkadadki2017"
628,0,belajar mulai dari yang sederhana: kursi dipakai untuk duduk. tapi sejak kapan meja jadi tempat duduk? pantas aja jadi mendikbud dipecat!
629,0,"lho, lagu anies-sandi menjiplak nyanyian yahudi?  "
630,0,didiklah orang muda dengan akhlak dan integritas. bukan ambisi kotor dan fitnah. jangan omong doang. #pilkadadki2017
631,0,#pilkadadki2017 anies dipolisikan karena sebut #ahok-djarot gusur 300 titik di dki  
632,0,siapa menebar fitnah dia akan menuai kalah #pilkadadki2017
633,0,pemimpin yang tegas ataukah pemimpi yang tega #pilkadadki2017
634,0,"lah, ini malah ada pelatihan ok-oce sabun al-maidah  "
635,0,jangan kotori lagi balai kota dengan karangan bunga  
636,0,bukan timses #aniessandi
637,0,cara kampanye #anies membuat menteri agama mengeluarkan peraturan larangan kampanye di rumah ibadah. sdh jelas #aniessandi menang karna sara
638,0,"haha #aniessandi kuoata saya banyak pak, pakai #telkomsel emang situ beliin saya pulsa atau beliin saya kuota"
639,0,"perayaan kemenangan #aniessandi, tidak pakai papan kembang, tapi pakai kambiang â€” merasa bersyukur di abunawas...  "
640,0,surat kocak untuk anies ... #indoharian #aniessandi #gubernurpilihan #gagalmoveone #suratrakyat #aniessandigubernurkita #gubernurdki
641,0,"bikin macet, warga kelapa gading harap proyek tidak mangkrak  "
642,0,#pesta #kembang dan #lemper #ayam  
643,0,anies-sandi dinilai loyo sehingga berpotensi dikangkangi ormas garis keras  
644,0,"kalo cari suami tuh cari aja team keamanan #aniessandi.. kotak aja djagain, apalagi kamu"
645,0,dua program ahok yang akan dibatalkan anies anies-sandi ahok djarot #gubernurjakarta #aniessandi #ahok
646,0,#ahok sang pemimpin #bajingan tumbang di #pilkadadk2017   
647,0,#ilcmerajutjakartakembali semoga bikin damai.. #ahokforbali1 ada apa yaa... kecikampek aja brow ada rumah #dp0 kayak programnya #aniessandi
648,0,"walupun bukan orangjakarta, saya juga tidak pernah menyesal dan rugi dukung #aniessandi ayo kapan lagi bagi2 uang&sembako non pilkada??pret"
649,0,trus menyalahkan #aniessandi .... sebuah sikap tak paham aturan. gubernur sekarang siapa? @basuki_btp
650,0,program anies-sandi dianggap menyulitkan  
651,0,blunder sekali pak @jokowi jika benar menteri dari pan akan ditendang gara-gara dukung #aniessandi & isu #ahokpenistaagama masuk kabinet
652,0,"pendukung #aniessandi tim #asbak siap melakukan segalanya.. ""menebar fitnah"" sana sini demi kemenangan anies.."
653,0,sedikit pun kami tidak pernah #aniessandi menjanjikan rumah dp 0% itu berbentuk #rusun yang kami tau rumah berbentuk horisontal #savedp0%
654,0,sistem amankan apbd oleh ahok yang sudah berjalan ini jangan dihilangkan ya #aniessandi karena pasti ada sesuatu jka di utak utik
655,0,ini bukan janji #aniessandi lho! tapi janjinya mas @jokowi. mohon kawal terus.
656,0,#anies #baswedan penganut #islam #radikal atau #moderat?  
657,0,#aniessandi 1 periode saja.
658,0,@marissaanita kamu gunakan sebutan ekstrimis kepada tim #aniessandi itu persis sama dengan penjajah belanda perang melawan mereka!
659,0,"mungkin, situs  "
660,0,kapan nih om @ruhutsitompul potong telinga #aniessandidki1 #aniessandi #islam @ilc_tvonenews @aniesbaswedan
661,0,"#aniessandi mampu beretorika sangat indah, dp0% ternyata bayar 6 bulan peama dng cicilan lumayan, dan itu rumah susun,"
662,0,"anies-sandi pimpin ibu kota, fpi akan semakin bertaring  "
663,0,"sudah curang, kalah, itulah kekalahan yang sangat menyakitkan, tidak bermartabat dan memalukan #politiksembako #pilkadajakarta #aniessandi"
664,0,"dp 0 persen ternyata beda dengan dp 0 rupiah, #aniessandi #qeren. lha bukannya sama2 0 ?lha 0 persen dari 350jt kan 0 rupiah ?atau beda ?"
665,0,hanya okee oce #okeoce solusi nya cuma itu saja
666,0,mendapat surga itu tidak semudah tinggal nyoblos #aniessandi #justsaying
667,0,"kadang lucu, milih #aniessandi aja kagak tapi nagih minta rumah dp0% situ pada sehat dan waras??"
668,0,kasihan katanya anti reklamasi tapi kok diteruskan? ayo dapat berapa uang bapak2 gub & wagub baru jkt? #aniessandi #bullshit #freak
669,0,saran untuk #aniessandi merealisir transportasi terintegrasi tiket rp.5000 seyogianya dibicarakan dengan @pt_transjakarta & organda & mti
670,0,menyambut kemenangan #aniessandi bbrp alumni212 mencukur rambut ramai2 sambil bersolawat duhâ€¦
671,0,"yang penting janji2 rmh dp 0% n bantuan modal cepat cairkan. kalo bohong, asset2 #aniessandi hrs dijual untuk rakyat sesuai komitmen"
672,0,"prabowo: terima kasih, habib rizieq  "
673,0,"apa cuma gue disini yang ngerasa banyak omong kosong dari sebelah pihak?, gak terima kalah? atau gak terima #aniessandi menang? #pilkadadki"
674,0,aku titip jayakaa @salimafillah #aniessandi
675,0,yang potong payudara/susu jika #aniessandi menang kira2 gmana ini hahah . hitz skali wkwkwk pak @basuki_btp ?
676,0,prabowo subianto sebut amin rais sebagai ayatollah indonesia & aburizal bakrie sebagai mentor & arsitek pemenangan #aniessandi #pilkadadki
677,0,kasus #ahokpenistaagama bukan urusan timses #aniessandi tapi urusan umat islam sedunia & aparat penegak hukum indonesia. #penjarakanahok!
678,0,"#aniessandi menang, pendukungnya puji syukur,#ahokdjarot kalah, pendukungnya nangis.gak kbayang kalo anies kalah, apa ada aksi2 & demo lagi?"
679,0,"bismillah beli rumah dp 0%, awas aja program ga jadi jalan #gubernurbaru #aniessandi"
680,0,kita mencari pelayan masyarakat bukan pemenang pilkada. #ahokdjarot #aniessandi
681,0,"heran baca berita @liputan6dotcom berita #aniessandi negatif terus, pantes portal beritanya sepi melempem. payah!"
682,0,"#aniessandi berpihak atau tidak, adil atau tidak, bisa dilihat kok nanti dari titik2 iklan di dki. di dominasi media @hary_tanoe atau tidak!"
683,0,andai saja ahok muslim pasti menang.. #pilkadadki #ahokdjarot #aniessandi
684,0,ente kafirun nantangin laskar #aniessandi ??! kite cari ente !! #jakartabersyariah  
685,0,"biadab !!! kelakuan kelompok pendukung #aniessandi melebihi ""penjajah"" & terbukti melampaui kemampuan iblis #guecintankri #masjiduntuksemua"
686,0,kelakuan busuk lalu beri alasan busuk. sekarang lempar tai sembunyi tangan lalu nunjuk yang lain. memalukan klakuan pendukung #aniessandi
687,0,kasian.. masjid dijadikan alat tempat balas dendam.. takbir dilontarkan untuk memuaskan kebencian.. benar2 parah pendukung #aniessandi
688,0,sangat buruknya klakuan pndukung #aniessandi stelah ceramah politik di masjid lanjut takbir pengusiran djarot dri masjid
689,0,kuota @aagym lagi abis makanya tidak mengikuti berita @warta_mui @mata #indonesia #pilkadadki #aniessandi #voteahok #ahokdjarot
690,0,akun @cangharis akun provokator & bukan bagian dari timses #aniessandi. timeline @cangharis lebih mencirikan akun ahokers. waspadalah!
691,0,#aniessandi #bhinekatunggalika #isusara kubu anies-sandi serukan stop politisasi kebhinekaan  
692,0,#syuhadatps siap kawal !! kami siap mati kawal kemenangan #aniessandi ! #anieskalahmuslimmarah !!
693,0,fitnah !!! akun #hoaxerpanik #hoaxerkepanasan sebentar lagi #aniessandi menang !
694,0,"mobil mobil yang kena macet ke arah mall taman anggrek , tempelin stiker ! tanya sopirnya pilih #aniessandi ato bukan !!"
695,0,"hari ini bhineka tunggal ika tidak akan berlaku, karena kita di hdapkan dengan pilihan yang berbeda. #aniessandi #stoppolitisasibhinneka"
696,0,tadinya saya suka baca @okezonenews tapi  isinya terlalu memihak #aniessandi sebaiknya media bersikap #netral betul tidak #basukidjarot ?
697,0,bagian 1 .. bukti radikalis pendukung teroris di belakang @aniesbaswedan #aniessandi #ahokdjarot #mencaripemimpin
698,0,"cuma kota jakarta, pks di papua malah berkoalisi dukung gubernur kristen #aniessandi #sandiunocabul"
699,0,"tulisan @fahiraidris ini misalnya. dia mencoba membranding #aniessandi yang pluralis, tapi konseptualnya absurd banget."
700,0,ahok menistakan agama untuk menang pilkada - logika timses @aniesbaswedan #matanajwadebatjakarta #salambersama #okeoce
701,0,"yang lain mabuk miras sama mabok kecubung, lha aku mabuk #okeoce"
702,0,jangan jiplak program #okeoce hasil bikinan pendukung penista agama
703,0,"garansi nya global kak, refurbish, garansi bank #okeoce 3hari kalau cacat produksi boleh tukar (jadi ingin berkata kasar)"
704,0,"munafik, katanya tidak boleh jualan agama, tapi paling frontal bawa agama, sabar min @gerindra yang penting #okeoce"
705,0,karangan bunganya buat pak ahok-djarot doang nih? buat anis-sandi mana? <grining face with smile eye>
706,0,apa yang dilakukan anies sandi setelah menang pilkada dki? mungkin lagi blusukan memakai heli ke ujung kulon atau papua <grining face with smile eye>
707,0,"yang lucunya di pilkada dki adalah ahok-djarot yang kalah, justru mendapatkan simpati dari masyarakat dibandingkan kemenangan anies-sandi"
708,0,"kalo ahok kalah, anies-sandi menang? paling juga jakarta akan seperti dulu lagi, saling rukun, koruptornya <grining face with smile eye> <grining face with smile eye> <lying face> <lying face> #pilkadadki"
709,0,"berita badja: rencana ahok jika menang atau kalah, berita anies-sandi: hanya kecurangan besar yang bisa mengalahkn kami #pilkadadki"
710,0,anies sandi kalah di debat final pilkada dki  
711,0,"jadi kalo kalah, pasti badja berbuat curang? picik <grimacing face>  prabowo sebut anies-sandi akan menang pilkada dki jika tidak dicurangi"
712,0,kenapa waktu kampanye sandi malah ke cianjur? anies minta dukungan aher? hhmm.. jabar siap2 dilanda anies-sandi 2018 <zipper-mouth face> siap2 kalah pilkada
713,0,pilkada kok panitianya banyak pakai kaos salam bersama. mereka panitia apa tim pemenangan anies-sandi? sudah main licik aja masih kalah
714,0,"setelah ahy kalah di pilkada dki putaran 1, menuju putaran 2 ini anies-sandi yang bakal diserang habis-habisan oleh buzzer2 ahox."
715,0,#paslon3  anies-sandi kl kalah #pilkadadki pindah nyalon ke kab. bogor kyknya cocok nih. bogor butuh entrepreneurship and education
716,0,"kekuatan partai2 di jatim mei 2017, paska pilkada dki. perhatikan partai pendukung anies-sandi. semua turun.."
717,0,anies sandi menang pilkada dki #terimakasihfpi
718,0,"cek kaos para pendukung anies-sandi,kaos2 provokatif yang dipakai saat pilkada dki dipakai dalam syukuran, dan mereka bicara rekonsiliasi"
719,0,"yang bilang anies sandi menang pilkada dki karena menang di visi misi dan program mereka untuk jakarta, boleh dong . <zipper-mouth face>"
720,0,"paslon 3 #aniessandy curang kampanye masuk keluar masuk masjid, musolah masa seperti itu kampanye politik pilkada,tiap pengajian bagi2 duit"
721,0,"dp 0% angsuran 30th itu program yang siap sengsarain cagub 5 periode berikutnya #aniessandy kabur, gubenur baru babak belur"
722,0,ditunggu konfirmasinya soal bini muda @aniesbaswedan oleh @ratnaspaet #okeoce #salambersama #gue2 jangan ngeles ya
723,0,fitnah nih menteri pendidikan punya binimuda? duh kw aspal semua @sangpemburu99 @aniesbaswedan @selenakoe anies sibuk urus istri muda
724,0,"artis bor sumur ngebor lagi,mulai kaku itu tangannya #anissandi #okeoce <ok hand>"
725,0,"dan nginulpun terdiam <face without mouth> . #dacademy4 salam #okeoce, #coblospecinya"
726,0,"wajah politik santun penuh kata manies bertabur wacana, dusta dan sandiwara... #okeoce #salambersama #tetapahok #gue2"
727,0,"hati2 terprovokasi ya teman. ini bukan wajah islam, ini wajah politik. <disappointed face>"
728,0,"orang kaya mah bebas, tajir melintir. alhamdullilah. #okeoce"
729,0,oh ya? #okeoce
730,0,intelijen bayaran itu yang bermain tapi alhamdulillah masyarakat cerdas menanggapinya #okeoce
731,0,"isis juga lagi proses hukum, terus knapa komentari <grining face> <grining face> <grining face> males betengkar sama anak tk gak ber bobot, asal ngeles #okeoce <person raising hand> <face with stuck-out tongue & closed eyes> <person running> <person running> <person running>"
732,0,#rip logika dan nalar @ices_ardhono #salambersama #okeoce #tetapahok #gue2 #dpnol
733,0,@gunromli vs @ahmadfuadanwar lebih seru nonton nya dari acara debat #okeoce
734,0,#debatfinalpilkadadki hhahahaa.. #okeoce atau oke-ngoceh??? @aniesbaswedan
735,0,apalagi ada yang mau berpihak sama ormas abal abal #fitsahats #firzahots #okeoce #salambersama #tetapahok #kampanyeahokjahat
736,0,"cagub kerja vs cagub wacana, cagub fakta vs cagub dusta #tetapahok #salambersama #okeoce #beragamitubasukidjarot #kampanyeahokjahat"
737,0,@aniesbaswedan memang #pantasdipecat karena bikin masyarakat tambah bego #okeoce #salambersama #dp0 #gubernurgu3  
738,0,"setelah ko di beberapa polling, kini mereka goreng soal kpud tidak netral, kamvreetttt.... #pilkadadki2017 #debatfinalpilkadadki #okeoce"
739,0,#debatfinalpilkadadki ada oke oce. ada oke mart. lama2 ada oke jek hahaha ogah kerja ogah capek #okeoce
740,0,boss.. bisa cabut pasang kaya kebijakan reklamasi! #okeoce
741,0,ahok 100% masuk akal anies 100% manis-manis bullshit #debatpilkadadki #okeoce #teamanies #teamahok
742,0,"adekku baru saja mengatakan arti #okeoce, katanya ogah kerja ogah cape <smiling face with open mouth & closed eyes> <smiling face with open mouth & closed eyes>"
743,0,"yang penting ngecap, tidak lucu juga kan kalau diam saja #okeoce"
744,0,#okeoce mas <face with tears of joy> (jawaban saya gak muter2 kan?) <face with stuck-out tongue & closed eyes>
745,0,katakan tidak untuk #okeoce #debatfinalpilkadadki
746,0,jawaban kok #okeoce saja
747,0,mbak ira kusno bajunya tidak pas kurang cerah sedikit..apa gara2 blush on nya ya #okeoce jadi tegang itu yang lagi debat  <smiling face with open mouth & cold sweat>  #kurangpenting
748,0,jangan susah2 pak pertanyaannya ..... bisanya #okeoce saja
749,0,"apapun pertanyaannya, jawabannya pasti #okeoce #debatpilkadadki"
750,1,kami yakin jika pasangan #aniessandi akan membawa kemajuan dan kesejukan bagi jakarta. #pilkadadki2017
751,1,#pilkadadki2017 kpu: anies-sandi unggul di seluruh jakarta
752,1,fahri harapkan anies-sandi loyal ke jokowi #pilkadadki2017
753,1,"#pilkadadki2017 anies sandi gubetnur baru, selamat bekerja, semoga amanah dan istiqomah janji janjinya, amien ya robbal allamin"
754,1,anies merasa sudah menang tko atas ahok #pilkadadki2017
755,1,selamat untuk pasangan no. 3 anies- sandi. #pilkadadki2017 mari kita tingkatkan persatuan indonesia..
756,1,mari lebih bekerja keras dan semoga dapat mengemban amanah. #aniessandi #amanatnasional #pilkadadki2017
757,1,mayanlah pks kepala dinas  @jpnncom: pks jamin anies-sandi tak bedakan warga jakarta #pilkadadki2017
758,1,"macem2 ya keramaian pilkada dki. ada yang potong nenen, ada yang jago ngeles karena ramalan. anyway selamat pak anies-sandi #pilkadadki2017"
759,1,beliau unggul 58% dalam perhitungan suara pilgub dki 2017 versi quick count sejumlah lembaga survei. #aniessandi #pilkadadki2017
760,1,udah ya netizen! tubirnya udah! anis sandi kan dah menang nih. udah. jangan tubir mulu #pilkadadki2017
761,1,"jakarta punya gubernur baru , selamat dan jangan lupa jalankan janji janji manisnya  #pilkadadki2017"
762,1,selamat dan sukses buat gubernur dan wakil gubernur jakarta yang baru #pilkadajakarta #pilkadadki2017
763,1,"alhamdulillah, #pilkadadki2017 keren, mancarli: aman lancar terkendali tks jakarta, sdh berikan hal menarik. selamat u gub-wagub terpilih."
764,1,tugas berat menanti mas @aniesbaswedan dan bang @sandiuno . semoga amanah mewujudkan janji dan keinginan warga jakarta. #pilkadadki2017
765,1,"enak ya sekarang jadi orang jakaa, rumah dp 0%, kemana2 cuma 5 ribu #pilkadajakarta #pilkadadki2017 #pilkadadkijakarta"
766,1,selamat untuk pasangan no. 3 anies- sandi. #pilkadadki2017 @ duren tiga selatan  
767,1,selamat @aniesbaswedan @sandiuno @prabowo @fahrihamzah @fadlizon @habibrizieqfpi atas kemenangan #pilkadadki2017 semoga bs lebih maju dki
768,1,prabowo yakin anies-sandi menang  
769,1,selamat pak anies-sandi..gubernur dan wakil gubenur kami semoga selalu amanah #jakartaelection2017 #pilkadadki2017 @aniesbaswedan @sandiuno
770,1,"mendengar pidato anies barusan, berharap memang yang menang adalah gubernur baru utk jakarta lebih baik, bukan radikalisme. #pilkadadki2017"
771,1,semoga program gubernur terpilih terwujud nyata dan program yg sedang berjalan sesuai harapan #pilkadadki2017
772,1,"saatnya menerima gubernur baru. terima kasih kepada gubernur lama. sudahi perselisihan, mari bersatu untuk maju. #pilkadadki2017"
773,1,"akhirnya jakarta punya gubenur baru. selamat untuk warga jakarta. semoga makin maju, aman, dan sejahtera. #pilkadadki2017"
774,1,hey......yang menang jangan sombong yang kalah jangan marah!!! #pilkadadki2017
775,1,"#pilkadadki2017 jika ahok djarot menang, mereka tinggal melanjutkan tugas mereka, dan jika anis sandi menang, mudah-mudahan bisa lebih baik."
776,1,kalo dilihat dari hasil qc sampai jam 14.35 sepertinya yang akan menang anies-sandi #pilkadadki2017
777,1,selamat buat anies sandi yang unggul dalam hitung cepat #pilkadadki2017
778,1,sudah memilih yang berpeci #pilkadadki2017 @ jakarta pusat(kemayoran)  
779,1,#pilkadadki2017 semoga #aniesgubernurbaru buktikan bahwa jakarta memiliki pesta demokrasi terbaik di indonesia !!
780,1,lantunan shalawat iringi sandiaga uno dan keluarga menuju tps  
781,1,"kalau tidak mau di dua kan, jadilah orang ketiga #pilkadadki2017 @ cikini, menteng  "
782,1,"sandi yakin menang, minimal di tps sendiri #pilkadadki2017"
783,1,ornamen betawi hiasi tps 28 tempat anies nyoblos.  
784,1,"aku asli suku betawi, aku akan pilih pemimpin muslim yang akan jadi pemimpin jakarta #pilkadadki2017 #pilkadajakarta allahuakbar 3x !!"
785,1,anies-sandi bakal upayakan hal ini untuk buruh di jakarta #aniessandi #buruh #jakarta  
786,1,seneng lihat expresinya #gubernurbarudkijakarta #milad19pks #aniessandi #salambersama  
787,1,"unggul di semua wilayah, #aniessandi raih 57,96%  "
788,1,manfaat #oposisi loyalis #badja terhadap gubernur baru dki  
789,1,anies larang warga dki buka medsos atas nama rekonsiliasi #anies #aniesbaswedan #aniessandi #medsos  
790,1,"janji kampanye, anies yakin apbd dki cukup #janjikampanye #aniessandi  "
791,1,"keren, ada karangan bunga tandingan ajakan untuk dukung #aniessandi, lucu juga ya.."
792,1,anies-sandi diharapkan perhatikan olahraga dki jakarta #aniessandi #olahraga #dkijakarta  
793,1,ikhtiar #aniessandi yang sesungguhnya adalah mengembalikan & menghadirkan keadilan bagi wargaâ€¦  
794,1,setelah #aniessandi menggulirkan ide rumah #dp0 jadi makin banyak orang membicarakan rumah murah. itulah kekuatan gagasan seorang pemimpin !
795,1,ini janji kampanye anies_sandi bidang wirausaha..  
796,1,ayo sahabat bersiap kerja nyata bersama untuk jakarta #majubersama #aniessandi #okoce  
797,1,aku bukan orang jakarta tapi saya berdoa untuk #aniessandi
798,1,@temanahok @sahal_as @gunromli @addiems karangan bunga kematian karena #ahoktumbang kekuasaannya&akan segera berakhir. welcome #aniessandi
799,1,anies - sandi: pastikan akan menutup hotel alexis dan malioboro  
800,1,apa saja dampak kemenangan anies-sandi terhadap pergerakan saham? -  
801,1,"betul pak, #aniessandi kecil mampu mengalahkan #ahokdjarot yang besar"
802,1,semua adalah warga jakarta jadi payungi semua sapa semua program #aniessandi untuk semua  
803,1,masih seputar #pilkadadki  
804,1,"terima kasih kepada warga jakarta yang telah memilih #aniessandi khususnya warga kebayoran baru, kita kawal amanah ummat ini #salambersama"
805,1,selamat datang #gubernurbaru #aniessandi amanah telah menanti maju kotanya bahagia warganya
806,1,pasangan #aniessandi merupakan pasangan yang ideal untuk #merajutjakartakembali dari dinamika yang terjadi diibu kota jakarta. #ilc
807,1,kok masih dibahas? ini sudah di-counter di situs anti hoax tim #aniessandi
808,1,"@maspiyuuu fakta 58% pemilih #aniessandi sepakat, untuk #ahokforbali1, sbaliknya pmilih #ahok yang 42% gmana? #janganhipokrit"
809,1,saksikan live merajut jakarta kembali bersama bang anies dan bang sandi. #tvone #aniessandiâ€¦  
810,1,kerinduan ini mencapai klimaksnya akan sosok gubernur jakarta yang cinta persija (insha allah) chant #aniessandi pun bergema di stadion
811,1,@jktmajubersama sambil nunggu hasil resmi kpu. yuk kawal #aniessandi & rangkul smua...  
812,1,silaturahmi bersama teman-teman media yang selama ini mengikuti kegiatan kampanye kami. terima kasih semuanya! salam bersama! #aniessandi
813,1,"era #aniessandi pastinya tidak ada lagi ucapan pemahaman nenek loe!, ucapan yang ada hanyalah prilaku santun...  "
814,1,"bersama mas sugeng, pelaku umkm gultik. saya undang ke posko pemenangan. semoga usaha tambah sukses dan semakin ok-oce! #aniessandi #okoce"
815,1,#okeoce selalu dihati #pilkadadki
816,1,"perumahan dp 0%, pemprov harus subsidi rp 52 juta per unit  "
817,1,kemenangan #aniessandi kemenangan warga jakarta! umat islam masih harus terus berjuang menuntut keadilan hukum terhadap #ahokpenistaagama
818,1,#ahok #temanahok #aniessandi teman ahok minta anies-sandi harus lebih baik dari ahok  
819,1,"kemenangan #aniessandi di #pilkadadki putaran ke 2 bukan kemenangan sekelompok orang,tetapi kemenangan seluruh warga dki rakyat indonesia."
820,1,"2. semoga @aniesbaswedan @jktmajubersama @sandiuno melebur semua relawan menjadi relawan jakaa yang bersatu!#aniessandi, #menyatukan"
821,1,"cfd bersama sandiaga uno..seru,rame & menyehatkan.. #aniessandi #gubernurdkijakarta #okeoceâ€¦  "
822,1,tim transisi anies-sandi usulkan program dp 0% masuk apbdâ€¦â€¦  
823,1,dahsyat. tidak menyesal nyoblos #aniessandi kemarin
824,1,#ahokdjarot yang menerapkan open government & good governance dengan triple pasword untuk apbd dki membantu #aniessandi merealisasi program!
825,1,wakil timses anies-sandi pantau pencoblosan ulang di tps 1 gambir #wakiltimses #aniessandi #pantau #tps01gambir  
826,1,bersyukur kepada allah bahwa orang cerdas dan pandai masih banyak di jakarta.. buktinya #aniessandi menang telak ...#jakarta #cerdas
827,1,"waduh maaf, saya ahoker tapi kalo yang ini saya setuju sama pak anies.. gimana ya #aniessandi #ahokselaludihati"
828,1,menuduh pendukung #aniessandi ekstrimis itu seperti momen gagal fokus. #adaaqua. cc: @marissaanita
829,1,anies: komitmen kita adalah kota jakarta paling bhineka di indonesia. #gubernurbaru #aniessandi anies-sandi...  
830,1,"1. kita jangan biarkan #aniessandi keluar dari komitmennya. tetap jadi pendukung yang selalu mengingatkan, menegur, mengkritisi"
831,1,terima kasih untuk relawan agus-sylvi yang telah memilih #aniessandi |  
832,1,anies-sandi harus satukan warga jakarta yang terbelah  
833,1,kemenangan sesungguhnya keadilan hukum dan keadilan sosial yang timpang dirasakan rakyat. #aniessandi #aniessandidki1
834,1,"kami percaya, di bawah kepemimpinan #aniessandi, jakarta akan menjadi lebih santun, jakarta lebih baik lagi, jakarta yang lebih luar biasa."
835,1,siiiip pak. selalu bantu dan kawal #aniessandi yaa pak untuk merealisasikan smua programnya.
836,1,"#aniessandi itu pemimpin yang akan berada ditengah,yang akan merangkul smua masyarakatnya,tanpa membedakan suku, agama,ras dan antargolongan"
837,1,polda diminta objektif selidiki kasus sandiaga uno  
838,1,"#pilkadajakarta #aniessandi | wah, apakah persija bakal punya stadion yang rumputnya seperti di mu dan tempat..."
839,1,kompas tv sandiaga uno #jakarta #aniessandi #kompas
840,1,saya percaya usaha kita tak sia-sia. teruslah mengemban amanat untuk jakarta dan warganya. #panbekerja #amanatnasional #aniessandi
841,1,"salam, saudaraku. berdasarkan exitpoll litbang kompas, mayoritas pemilih pan memilih pasangan anies-sandi. #aniessandi #amanatnasional"
842,1,"maju terus pak ht bersama #aniessandi jadilah penyejuk dan pemersatu bangsa, dan sama2 memajukan jakarta ke yang lebih baik lagi."
843,1,mari lebih bekerja keras supaya dapat mengemban amanah. #aniessandi #amanatnasional #pilkadadki2017
844,1,"syukur alhamdulillah, kemenangan untuk rakyat jakarta sudah di depan mata. #aniessandi #amanatnasional #pilkadadki2017"
845,1,waaah... #pkslampung #aniessandi
846,1,tidak usah ngawur lah. #aniessandi berpihak pada pengusaha dan rakyat. berbeda dengan ahok yang hanya pro pengembang
847,1,saran untuk #aniessandi dalam mewujudkan program dana 1milyar/rw dibutuhkan persetujuan dprd @kemendagri_ri dan @kpk_ri untuk cegah korupsi
848,1,iya setuju banget pak ht. #aniessandi pasti akan membawa jakarta lebih baik lagi.
849,1,saran untuk #aniessandi agar reklamasi dpt dibatalkan agar dibicarakan dengan pemerintah pusat @kspgoid @kemaritiman @kkpgoid @kejaksaanri
850,1,"jeda iklan, sandiaga turun dari panggung debat lalu peluk erat nelayan : bang @sandiuno #okeoce #salambersama"
851,1,"lsi: jelang pilkada, suara ahok tertinggal jauh dari anies - #aniessandimenang #gubernurgu3 #okeoce"
852,1,sandiaga uno: gaji lima tahun saya untuk kaum dhuafa  
853,1,bismillah semoga tahun ini ada gubernur baruu... #aniesjawarajakarta #gubernurkuaniesbaswedan #okeoce #tolakreklamasi
854,1,"ya allah, karuniai kami dengan gubernur dan wagub yang jujur, adil dan amanah, benar2 tulus mengabdi demi kemaslahatan dki jakarta. amin"
855,1,menarik.... yang penting sesuai hati nurani <ok hand> <ok hand> <ok hand> #pilkada #pilkada #pilkadadki #pilkadadki2017 #jakartaelection
856,1,selamat atas keberhasilan #tikotumbangkantoke #pilkadadki2017 #pilkadadki #pilkadajakarta <ok hand>
857,1,"macam-macam ya keramaian pilkada dki. ada yang potong nenen ,yang jago ngeles karena ramalan. selamat pak anies-sandi #pilkadadki2017"
858,1,semoga janji gubernur baru terpenuhi <folded hands> #pilkadadki #pilkadadki2017
859,1,"jakarta benar-benar milik indonesia, terima kasih pak! #jakartamemilih #jakartamemilihjawara #pilkadadki #pilkadadki2017"
860,1,pilihanku <ok hand> <ok hand> <ok hand> #pilkadaputarankedua #pilkadadki #pilkadadki2017  
861,1,anies pasrah dengan hasil pilkada dki jakarta.  
862,1,allahuakbar 3x . #jakartakece #jakarta #pilkadadki #pilkadadki2017 #akucoblosaniessandi
863,1,<ok hand> <ok hand> <ok hand>  #aniessandi #pilkadadki #pilkadadki2017 #majukotanyabahagiawarganya #prabowosubianto #pks  
864,1,bedanya hampir 17%..... artinya suara ahy ke anies-sandi <glowing star> <glowing star> <glowing star>
865,1,"menang pilkada dki, prabowo: anies-sandi harus kerja keras"
866,1,"doain daerah sendiri dulu aja, gub nya bagaimana <folded hands> aa gym kritik syukuran anies-sandi usai menang di pilkada dki  "
867,1,feeling aku sih yang menang #pilkadadki itu pasangan anies-sandi.
868,1,"kpu sudah umumkan hasil pilkada dki, anies-sandi tetap menang, karangan bunga gak ngaruh <cat face with tears of joy>  "
869,1,"inilah hasil rekapituasi manual pilkada dki, anies-sandi tetap menang  "
870,1,alesha aja milih no.3.... masa kita gak...!!! <smiling face with sunglasses> salam 3 jari #aniessandy  
871,1,#aniessandy #gubenurgur3  <ok hand>  <ok hand>  <ok hand>
872,1,... #aniessandy  <ok hand>  untuk jakarta yang lebih baik ...
873,1,... hahaha ... adjrot adjrot .... ada ada aja ... kehabisan akal ya untuk mengalahkan #aniessandy kandidat favoritku <lovered>  <lovered>  ...
874,1,"... #aniessandy ... insya allah menang. jangan lukai hati umat islam, kalau sudah menjabat <ok hand> <ok hand> <ok hand> ..."
875,1,"@kompastv sayang #aniessandy tidak datang, kalau datang pasti acaranya tambah keren <ok hand> <ok hand> #ahokdjarotdirosi"
876,1,"... anies memang luar biasa  <ok hand> ... gubernur rakyat, bukan gubernur pengembang ... #aniessandy"
877,1,... ahok dan najwa bener bener mati kutu dan bingung ... #anies menjawab semua tudingan dengan ringan dan tepat  <smiling face with hea-eyes> <smiling face with hea-eyes>  ... #aniessandy
878,1,#garudaindonesia #indonesia #motivator #motivatorindonesia #pembicara #trainer #pelatih #coach #kata2bijak #wisdom #ahokdjarot #aniessandy
879,1,kita semua saudara!! #pilkadaserentak2017 #pilkadadki #ahy #ahokjarot #agussylvi #aniessandy #indonesia
880,1,#salambersama #okeoce #jakarta #coblosnomor3  @aniesbaswedan @sandiuno @gerindra @pksejahtera @official_pan
881,1,hallo bang @aniesbaswedan wah asyik juga ya habis manggung di da  <thumbs up> <thumbs up> @indosiarid #okeoce #telu
882,1,#okeoce #3  <ok hand>   <ok hand>   <ok hand>  
883,1,sedang nongkrong tiba2 didatangi timses paslon 3 #okeoce  <ok hand>
884,1,"pak anies jadi pempmpinnya, maju terus pak ke jalan yang di ridhoi allah  <thumbs up> <thumbs up> @dacademyid @indosiarid #okeoce #3 #aniessandi"
885,1,gubernur terpilih kita pak anies  di @dacademyid @indosiarid #3 #okeoce #pilkadadki2017
886,1,saya hanya mencoba menerapkan apa yang seharusnya saya lakukan... #okeoce  <ok hand>
887,1,3 ya 3 jangan lupa yaaa #okeoce <ok hand> <ok hand> <ok hand>  #aniessandi
888,1,"sekarang saatnya brgabung & dukung usaha yang pimpinannya jelas seperti ust. yusuf mansyur  <folded hands> , #okeoce #pribumi #muslimlawanrasis"
889,1,kita sih #okeoce aja <ok hand>
890,1,wiiih aqua pun #okeoce pilih no 3  <ok hand>  <ok hand>  <ok hand>
891,1,ada masalah dengan #kebhinnekaan ? kayaknya nggak ada deh ! kalau kita fokus #okeoce insyaalloh akan oke-oke aja  <ok hand>
892,1,#jakartakece #debatfinalpilkadajkt #okeoce #3ya3 #jumatbarokah
893,1,dengan jaringan #okeoce saat ini @jktmajubersama sudah bisa menghadirkan okeoce mart <ok hand> #sambutgubernurbaru
894,1,"ingat, pilih no.3 di tanggal 19 april nanti ya kakak! <ok hand> #okeoce . #pilihaniessandi #aniessandi…  "
895,1,"kali saja bpk @aniesbaswedan @sandiuno lihat, lagi di rspun tetap selfie #okeoce  <ok hand>  #debatpilkadadki #ahokpanikahokkalah"
896,1,kita harus dapat merangkul semua orang tanpa batas usia dan kelamin #okeoce  <ok hand> #salambersama #pks #temanahok <victory hand>
897,1,ini jagoanku dibidang digital <smiling face with sunglasses> <ok hand>  
898,1,#pesanbijak #okeoce #gubernurgu3 ...
899,1,sandiaga: bangun rumah dp 0% lebih simpel dibanding tol cipali #aniessandijawarajakarta #gubernurgu3 #okeoce #dp0%
